{
	"credit": "Made with Blockbench",
	"texture_size": [64, 64],
	"textures": {
		"2": "create_new_age:block/heat_pipe",
		"particle": "create_new_age:block/heat_pipe"
	},
	"elements": [
		{
			"from": [4, 4, 4],
			"to": [12, 12, 12],
			"faces": {
				"north": {"uv": [12, 0, 16, 4], "texture": "#2"},
				"east": {"uv": [12, 0, 16, 4], "texture": "#2"},
				"south": {"uv": [12, 0, 16, 4], "texture": "#2"},
				"west": {"uv": [12, 0, 16, 4], "texture": "#2"},
				"up": {"uv": [16, 4, 12, 0], "texture": "#2"},
				"down": {"uv": [16, 0, 12, 4], "texture": "#2"}
			}
		},
		{
			"from": [4.2, 5.5, 0],
			"to": [11.8, 10.5, 0.5],
			"faces": {
				"north": {"uv": [2, 4, 4, 5.5], "texture": "#2"},
				"east": {"uv": [1.5, 6.5, 1.75, 8], "texture": "#2"},
				"south": {"uv": [4, 2, 6, 3.5], "texture": "#2"},
				"west": {"uv": [1.75, 6.5, 2, 8], "texture": "#2"},
				"up": {"uv": [8.75, 0.25, 6.75, 0], "texture": "#2"},
				"down": {"uv": [8.75, 0.25, 6.75, 0.5], "texture": "#2"}
			}
		},
		{
			"from": [8.5, 6, 0.5],
			"to": [11.5, 10, 3],
			"rotation": {"angle": 0, "axis": "y", "origin": [8, 0, 8]},
			"faces": {
				"north": {"uv": [6, 0, 6.75, 1], "texture": "#2"},
				"east": {"uv": [6, 1, 6.75, 2], "texture": "#2"},
				"south": {"uv": [2, 6, 2.75, 7], "texture": "#2"},
				"west": {"uv": [6, 2, 6.75, 3], "texture": "#2"},
				"up": {"uv": [6.75, 6.75, 6, 6], "texture": "#2"},
				"down": {"uv": [0.75, 6.5, 0, 7.25], "texture": "#2"}
			}
		},
		{
			"from": [4.5, 6, 0.5],
			"to": [7.5, 10, 3],
			"rotation": {"angle": 0, "axis": "y", "origin": [8, 0, 8]},
			"faces": {
				"north": {"uv": [2.75, 6, 3.5, 7], "texture": "#2"},
				"east": {"uv": [6, 3, 6.75, 4], "texture": "#2"},
				"south": {"uv": [6, 4, 6.75, 5], "texture": "#2"},
				"west": {"uv": [6, 5, 6.75, 6], "texture": "#2"},
				"up": {"uv": [1.5, 7.25, 0.75, 6.5], "texture": "#2"},
				"down": {"uv": [4.25, 6.5, 3.5, 7.25], "texture": "#2"}
			}
		},
		{
			"from": [4.2, 7.5, 0.5],
			"to": [11.8, 8.5, 3],
			"faces": {
				"north": {"uv": [6.75, 0.5, 8.75, 0.75], "texture": "#2"},
				"east": {"uv": [3.5, 6, 4, 6.25], "texture": "#2"},
				"south": {"uv": [6.75, 0.75, 8.75, 1], "texture": "#2"},
				"west": {"uv": [3.5, 6.25, 4, 6.5], "texture": "#2"},
				"up": {"uv": [4, 6, 2, 5.5], "texture": "#2"},
				"down": {"uv": [2, 6, 0, 6.5], "texture": "#2"}
			}
		},
		{
			"from": [4.2, 5, 3],
			"to": [11.8, 11, 4],
			"faces": {
				"north": {"uv": [4, 3.5, 6, 5], "texture": "#2"},
				"east": {"uv": [4.25, 6.5, 4.5, 8], "texture": "#2"},
				"south": {"uv": [4, 5, 6, 6.5], "texture": "#2"},
				"west": {"uv": [4.5, 6.5, 4.75, 8], "texture": "#2"},
				"up": {"uv": [8.75, 1.25, 6.75, 1], "texture": "#2"},
				"down": {"uv": [8.75, 1.25, 6.75, 1.5], "texture": "#2"}
			}
		},
		{
			"from": [4.2, 5, 11.75],
			"to": [11.8, 11, 12.75],
			"rotation": {"angle": 0, "axis": "y", "origin": [8, 8, 13.875]},
			"faces": {
				"north": {"uv": [4, 5, 6, 6.5], "texture": "#2"},
				"east": {"uv": [4.5, 6.5, 4.75, 8], "texture": "#2"},
				"south": {"uv": [4, 3.5, 6, 5], "texture": "#2"},
				"west": {"uv": [4.25, 6.5, 4.5, 8], "texture": "#2"},
				"up": {"uv": [8.75, 1.25, 6.75, 1], "rotation": 180, "texture": "#2"},
				"down": {"uv": [8.75, 1.25, 6.75, 1.5], "rotation": 180, "texture": "#2"}
			}
		},
		{
			"from": [4.2, 5.5, 15.25],
			"to": [11.8, 10.5, 15.75],
			"rotation": {"angle": 0, "axis": "y", "origin": [8, 8, 13.875]},
			"faces": {
				"north": {"uv": [4, 2, 6, 3.5], "texture": "#2"},
				"east": {"uv": [1.75, 6.5, 2, 8], "texture": "#2"},
				"south": {"uv": [2, 4, 4, 5.5], "texture": "#2"},
				"west": {"uv": [1.5, 6.5, 1.75, 8], "texture": "#2"},
				"up": {"uv": [8.75, 0.25, 6.75, 0], "rotation": 180, "texture": "#2"},
				"down": {"uv": [8.75, 0.25, 6.75, 0.5], "rotation": 180, "texture": "#2"}
			}
		},
		{
			"from": [4.5, 6, 12.75],
			"to": [7.5, 10, 15.25],
			"rotation": {"angle": 0, "axis": "y", "origin": [8, 8, 13.875]},
			"faces": {
				"north": {"uv": [2, 6, 2.75, 7], "texture": "#2"},
				"east": {"uv": [6, 2, 6.75, 3], "texture": "#2"},
				"south": {"uv": [6, 0, 6.75, 1], "texture": "#2"},
				"west": {"uv": [6, 1, 6.75, 2], "texture": "#2"},
				"up": {"uv": [6.75, 6.75, 6, 6], "rotation": 180, "texture": "#2"},
				"down": {"uv": [0.75, 6.5, 0, 7.25], "rotation": 180, "texture": "#2"}
			}
		},
		{
			"from": [8.5, 6, 12.75],
			"to": [11.5, 10, 15.25],
			"rotation": {"angle": 0, "axis": "y", "origin": [8, 8, 13.875]},
			"faces": {
				"north": {"uv": [6, 4, 6.75, 5], "texture": "#2"},
				"east": {"uv": [6, 5, 6.75, 6], "texture": "#2"},
				"south": {"uv": [2.75, 6, 3.5, 7], "texture": "#2"},
				"west": {"uv": [6, 3, 6.75, 4], "texture": "#2"},
				"up": {"uv": [1.5, 7.25, 0.75, 6.5], "rotation": 180, "texture": "#2"},
				"down": {"uv": [4.25, 6.5, 3.5, 7.25], "rotation": 180, "texture": "#2"}
			}
		},
		{
			"from": [4.2, 7.5, 12.75],
			"to": [11.8, 8.5, 15.25],
			"rotation": {"angle": 0, "axis": "y", "origin": [8, 8, 13.875]},
			"faces": {
				"north": {"uv": [6.75, 0.75, 8.75, 1], "texture": "#2"},
				"east": {"uv": [3.5, 6.25, 4, 6.5], "texture": "#2"},
				"south": {"uv": [6.75, 0.5, 8.75, 0.75], "texture": "#2"},
				"west": {"uv": [3.5, 6, 4, 6.25], "texture": "#2"},
				"up": {"uv": [4, 6, 2, 5.5], "rotation": 180, "texture": "#2"},
				"down": {"uv": [2, 6, 0, 6.5], "rotation": 180, "texture": "#2"}
			}
		}
	],
	"display": {
		"thirdperson_righthand": {
			"rotation": [75, 45, 0],
			"translation": [0, 2.5, 0],
			"scale": [0.375, 0.375, 0.375]
		},
		"thirdperson_lefthand": {
			"rotation": [75, 45, 0],
			"translation": [0, 2.5, 0],
			"scale": [0.375, 0.375, 0.375]
		},
		"firstperson_righthand": {
			"rotation": [0, 45, 0],
			"scale": [0.4, 0.4, 0.4]
		},
		"firstperson_lefthand": {
			"rotation": [0, 225, 0],
			"scale": [0.4, 0.4, 0.4]
		},
		"ground": {
			"translation": [0, 3, 0],
			"scale": [0.25, 0.25, 0.25]
		},
		"gui": {
			"rotation": [30, 225, 0],
			"scale": [0.625, 0.625, 0.625]
		},
		"head": {
			"translation": [0, 4.75, 0],
			"scale": [2.1, 1, 1]
		},
		"fixed": {
			"scale": [0.5, 0.5, 0.5]
		}
	},
	"groups": [
		{
			"name": "center",
			"origin": [8, 8, 8],
			"color": 0,
			"children": [0]
		},
		1,
		2,
		3,
		4,
		5,
		6,
		7,
		8,
		9,
		10
	]
}