{
	"credit": "Made with Blockbench",
	"texture_size": [128, 128],
	"textures": {
		"all": "create_new_age:block/reactor/acceptor",
		"particle": "create_new_age:block/reactor/acceptor"
	},
	"elements": [
		{
			"from": [2, 1.25, 2.25],
			"to": [14, 3.25, 14.25],
			"rotation": {"angle": 0, "axis": "x", "origin": [8, 8, 8.25]},
			"faces": {
				"north": {"uv": [8, 6.125, 6.5, 6.375], "rotation": 180, "texture": "#all"},
				"east": {"uv": [6.5, 3.125, 6.75, 4.625], "rotation": 270, "texture": "#all"},
				"south": {"uv": [7.25, 1.75, 5.75, 1.5], "texture": "#all"},
				"west": {"uv": [6.5, 4.625, 6.75, 6.125], "rotation": 90, "texture": "#all"},
				"up": {"uv": [1.75, 4, 3.25, 5.5], "rotation": 180, "texture": "#all"},
				"down": {"uv": [4, 1.75, 5.5, 3.25], "texture": "#all"}
			}
		},
		{
			"from": [3, 0.25, 3.25],
			"to": [13, 1.25, 13.25],
			"rotation": {"angle": 0, "axis": "x", "origin": [8, 8, 8.25]},
			"faces": {
				"north": {"uv": [8, 0.375, 6.75, 0.5], "rotation": 180, "texture": "#all"},
				"east": {"uv": [1.75, 6.75, 1.875, 8], "rotation": 270, "texture": "#all"},
				"south": {"uv": [8, 0.375, 6.75, 0.25], "texture": "#all"},
				"west": {"uv": [1.875, 6.75, 2, 8], "rotation": 90, "texture": "#all"},
				"up": {"uv": [4.75, 4.75, 6, 6], "rotation": 180, "texture": "#all"},
				"down": {"uv": [1.75, 5.5, 3, 6.75], "texture": "#all"}
			}
		},
		{
			"from": [7, -1.75, 4.25],
			"to": [9, 0.25, 5.25],
			"rotation": {"angle": 0, "axis": "x", "origin": [8, 8, 8.25]},
			"faces": {
				"north": {"uv": [4.75, 3.5, 4.5, 3.75], "rotation": 180, "texture": "#all"},
				"east": {"uv": [6.75, 3.5, 7, 3.625], "rotation": 270, "texture": "#all"},
				"south": {"uv": [4.75, 3.5, 4.5, 3.25], "texture": "#all"},
				"west": {"uv": [6.75, 3.75, 7, 3.875], "rotation": 90, "texture": "#all"},
				"up": {"uv": [6.75, 3.375, 7, 3.5], "rotation": 180, "texture": "#all"},
				"down": {"uv": [6.75, 3.625, 7, 3.75], "texture": "#all"}
			}
		},
		{
			"from": [7, -1.75, 11.25],
			"to": [9, 0.25, 12.25],
			"rotation": {"angle": 0, "axis": "x", "origin": [8, 8, 8.25]},
			"faces": {
				"north": {"uv": [4.5, 3.25, 4.25, 3.5], "rotation": 180, "texture": "#all"},
				"east": {"uv": [5.75, 3.125, 6, 3.25], "rotation": 270, "texture": "#all"},
				"south": {"uv": [4.25, 4, 4, 3.75], "texture": "#all"},
				"west": {"uv": [2.375, 6.75, 2.625, 6.875], "rotation": 90, "texture": "#all"},
				"up": {"uv": [5.5, 3.125, 5.75, 3.25], "rotation": 180, "texture": "#all"},
				"down": {"uv": [6, 3.125, 6.25, 3.25], "texture": "#all"}
			}
		},
		{
			"from": [11, -1.75, 7.25],
			"to": [12, 0.25, 9.25],
			"rotation": {"angle": 0, "axis": "x", "origin": [8, 8, 8.25]},
			"faces": {
				"north": {"uv": [6.875, 3.125, 6.75, 3.375], "rotation": 180, "texture": "#all"},
				"east": {"uv": [4.25, 3.5, 4.5, 3.75], "rotation": 270, "texture": "#all"},
				"south": {"uv": [3, 7, 2.875, 6.75], "texture": "#all"},
				"west": {"uv": [4.25, 3.75, 4.5, 4], "rotation": 90, "texture": "#all"},
				"up": {"uv": [2.625, 6.75, 2.75, 7], "rotation": 180, "texture": "#all"},
				"down": {"uv": [2.75, 6.75, 2.875, 7], "texture": "#all"}
			}
		},
		{
			"from": [4, -1.75, 7.25],
			"to": [5, 0.25, 9.25],
			"rotation": {"angle": 0, "axis": "x", "origin": [8, 8, 8.25]},
			"faces": {
				"north": {"uv": [2.375, 6.75, 2.25, 7], "rotation": 180, "texture": "#all"},
				"east": {"uv": [4, 3.25, 4.25, 3.5], "rotation": 270, "texture": "#all"},
				"south": {"uv": [6.875, 1, 6.75, 0.75], "texture": "#all"},
				"west": {"uv": [4, 3.5, 4.25, 3.75], "rotation": 90, "texture": "#all"},
				"up": {"uv": [4.5, 3.75, 4.625, 4], "rotation": 180, "texture": "#all"},
				"down": {"uv": [4.625, 3.75, 4.75, 4], "texture": "#all"}
			}
		},
		{
			"from": [4, 16.25, 4.25],
			"to": [12, 17.25, 12.25],
			"rotation": {"angle": 0, "axis": "x", "origin": [8, 8, 8.25]},
			"faces": {
				"north": {"uv": [7.75, 0.625, 6.75, 0.75], "rotation": 180, "texture": "#all"},
				"east": {"uv": [2, 6.75, 2.125, 7.75], "rotation": 270, "texture": "#all"},
				"south": {"uv": [7.75, 0.625, 6.75, 0.5], "texture": "#all"},
				"west": {"uv": [2.125, 6.75, 2.25, 7.75], "rotation": 90, "texture": "#all"},
				"up": {"uv": [5.75, 0, 6.75, 1], "rotation": 180, "texture": "#all"},
				"down": {"uv": [4.75, 6, 5.75, 7], "texture": "#all"}
			}
		},
		{
			"from": [0, 3.25, 0.25],
			"to": [16, 5.25, 16.25],
			"rotation": {"angle": 0, "axis": "x", "origin": [8, 8, 8.25]},
			"faces": {
				"north": {"uv": [7.5, 2.875, 5.5, 3.125], "rotation": 180, "texture": "#all"},
				"east": {"uv": [6, 4.75, 6.25, 6.75], "rotation": 270, "texture": "#all"},
				"south": {"uv": [7.5, 2.875, 5.5, 2.625], "texture": "#all"},
				"west": {"uv": [5.75, 6, 6, 8], "rotation": 90, "texture": "#all"},
				"up": {"uv": [0, 0, 2, 2], "rotation": 180, "texture": "#all"},
				"down": {"uv": [0, 2, 2, 4], "texture": "#all"}
			}
		},
		{
			"from": [0, 13.25, 0.25],
			"to": [16, 16.25, 16.25],
			"rotation": {"angle": 0, "axis": "x", "origin": [8, 8, 8.25]},
			"faces": {
				"north": {"uv": [7.75, 1.25, 5.75, 1.5], "rotation": 180, "texture": "#all"},
				"east": {"uv": [6.25, 3.125, 6.5, 5.125], "rotation": 270, "texture": "#all"},
				"south": {"uv": [7.75, 1.25, 5.75, 1], "texture": "#all"},
				"west": {"uv": [6.25, 5.125, 6.5, 7.125], "rotation": 90, "texture": "#all"},
				"up": {"uv": [2, 2, 4, 4], "rotation": 180, "texture": "#all"},
				"down": {"uv": [0, 2, 2, 4], "texture": "#all"}
			}
		},
		{
			"from": [1, 5.25, 1.25],
			"to": [15, 13.25, 15.25],
			"rotation": {"angle": 0, "axis": "x", "origin": [8, 8, 8.25]},
			"faces": {
				"north": {"uv": [1.75, 5.75, 0, 6.625], "rotation": 180, "texture": "#all"},
				"east": {"uv": [3, 5.5, 3.875, 7.25], "rotation": 270, "texture": "#all"},
				"south": {"uv": [7.25, 2.625, 5.5, 1.75], "texture": "#all"},
				"west": {"uv": [3.875, 5.5, 4.75, 7.25], "rotation": 90, "texture": "#all"},
				"up": {"uv": [0, 4, 1.75, 5.75], "rotation": 180, "texture": "#all"},
				"down": {"uv": [4, 0, 5.75, 1.75], "texture": "#all"}
			}
		}
	],
	"display": {
		"thirdperson_righthand": {
			"rotation": [75, 45, 0],
			"translation": [0, 2.5, 0],
			"scale": [0.375, 0.375, 0.375]
		},
		"thirdperson_lefthand": {
			"rotation": [75, 45, 0],
			"translation": [0, 2.5, 0],
			"scale": [0.375, 0.375, 0.375]
		},
		"firstperson_righthand": {
			"rotation": [0, 45, 0],
			"scale": [0.4, 0.4, 0.4]
		},
		"firstperson_lefthand": {
			"rotation": [0, 225, 0],
			"scale": [0.4, 0.4, 0.4]
		},
		"ground": {
			"translation": [0, 3, 0],
			"scale": [0.25, 0.25, 0.25]
		},
		"gui": {
			"rotation": [30, 225, 0],
			"scale": [0.625, 0.625, 0.625]
		},
		"fixed": {
			"scale": [0.5, 0.5, 0.5]
		}
	}
}