{
	"credit": "Made with Blockbench",
	"texture_size": [64, 64],
	"textures": {
		"1": "create_new_age:block/heat_pump",
		"particle": "create_new_age:block/heat_pump"
	},
	"elements": [
		{
			"from": [3.2, 13, 1.2],
			"to": [12.8, 13.5, 3.8],
			"faces": {
				"north": {"uv": [6.5, 3, 9, 3.25], "texture": "#1"},
				"east": {"uv": [7.25, 5.5, 8.25, 5.75], "texture": "#1"},
				"south": {"uv": [6.5, 3.25, 9, 3.5], "texture": "#1"},
				"west": {"uv": [8, 4, 9, 4.25], "texture": "#1"},
				"up": {"uv": [9, 2, 6.5, 1], "texture": "#1"},
				"down": {"uv": [9, 2, 6.5, 3], "texture": "#1"}
			}
		},
		{
			"from": [3.2, 2.5, 1.2],
			"to": [12.8, 3, 3.8],
			"faces": {
				"north": {"uv": [6.5, 3, 9, 3.25], "texture": "#1"},
				"east": {"uv": [7.25, 5.5, 8.25, 5.75], "texture": "#1"},
				"south": {"uv": [6.5, 3.25, 9, 3.5], "texture": "#1"},
				"west": {"uv": [8, 4, 9, 4.25], "texture": "#1"},
				"up": {"uv": [9, 2, 6.5, 1], "texture": "#1"},
				"down": {"uv": [9, 2, 6.5, 3], "texture": "#1"}
			}
		},
		{
			"from": [4, 12.9, 1.4],
			"to": [7, 14.9, 3.4],
			"faces": {
				"north": {"uv": [7.5, 7.5, 8.25, 8], "texture": "#1"},
				"east": {"uv": [6, 7.75, 6.75, 8.25], "texture": "#1"},
				"south": {"uv": [6.75, 7.75, 7.5, 8.25], "texture": "#1"},
				"west": {"uv": [1, 8, 1.75, 8.5], "texture": "#1"},
				"up": {"uv": [7.25, 5, 6.5, 4.25], "texture": "#1"},
				"down": {"uv": [7.25, 5, 6.5, 5.75], "texture": "#1"}
			}
		},
		{
			"from": [4.5, 14.9, 1.9],
			"to": [6.5, 15.4, 2.9],
			"faces": {
				"north": {"uv": [3.75, 8.5, 4.25, 8.75], "texture": "#1"},
				"east": {"uv": [4.25, 8.5, 4.75, 8.75], "texture": "#1"},
				"south": {"uv": [4.75, 8.5, 5.25, 8.75], "texture": "#1"},
				"west": {"uv": [5.25, 8.5, 5.75, 8.75], "texture": "#1"},
				"up": {"uv": [4, 8, 3.5, 7.5], "texture": "#1"},
				"down": {"uv": [4, 8, 3.5, 8.5], "texture": "#1"}
			}
		},
		{
			"from": [9, 12.9, 1.4],
			"to": [12, 14.9, 3.4],
			"faces": {
				"north": {"uv": [7.25, 4.5, 8, 5], "texture": "#1"},
				"east": {"uv": [7.25, 5, 8, 5.5], "texture": "#1"},
				"south": {"uv": [2.75, 7.5, 3.5, 8], "texture": "#1"},
				"west": {"uv": [7.5, 7, 8.25, 7.5], "texture": "#1"},
				"up": {"uv": [1.75, 7.25, 1, 6.5], "texture": "#1"},
				"down": {"uv": [7.25, 3.5, 6.5, 4.25], "texture": "#1"}
			}
		},
		{
			"from": [9.5, 14.9, 1.9],
			"to": [11.5, 15.4, 2.9],
			"faces": {
				"north": {"uv": [8.25, 5.5, 8.75, 5.75], "texture": "#1"},
				"east": {"uv": [1.5, 8.5, 2, 8.75], "texture": "#1"},
				"south": {"uv": [2.75, 8.5, 3.25, 8.75], "texture": "#1"},
				"west": {"uv": [3.25, 8.5, 3.75, 8.75], "texture": "#1"},
				"up": {"uv": [2.5, 5.5, 2, 5], "texture": "#1"},
				"down": {"uv": [2.5, 5.5, 2, 6], "texture": "#1"}
			}
		},
		{
			"from": [9, 1, 1.4],
			"to": [12, 3, 3.4],
			"rotation": {"angle": 0, "axis": "z", "origin": [8, 14.45, 1.95]},
			"faces": {
				"north": {"uv": [7.5, 8, 8.25, 8.5], "texture": "#1"},
				"east": {"uv": [6, 8.25, 6.75, 8.75], "texture": "#1"},
				"south": {"uv": [6.75, 8.25, 7.5, 8.75], "texture": "#1"},
				"west": {"uv": [8.25, 7, 9, 7.5], "texture": "#1"},
				"up": {"uv": [1.75, 8, 1, 7.25], "texture": "#1"},
				"down": {"uv": [8, 3.5, 7.25, 4.25], "texture": "#1"}
			}
		},
		{
			"from": [9.5, 0.5, 1.9],
			"to": [11.5, 1, 2.9],
			"rotation": {"angle": 0, "axis": "z", "origin": [8, 14.45, 1.95]},
			"faces": {
				"north": {"uv": [8.5, 6.75, 9, 7], "texture": "#1"},
				"east": {"uv": [7.5, 8.5, 8, 8.75], "texture": "#1"},
				"south": {"uv": [8, 8.5, 8.5, 8.75], "texture": "#1"},
				"west": {"uv": [8.5, 8.5, 9, 8.75], "texture": "#1"},
				"up": {"uv": [0.5, 9, 0, 8.5], "texture": "#1"},
				"down": {"uv": [1, 8.5, 0.5, 9], "texture": "#1"}
			}
		},
		{
			"from": [4, 1, 1.4],
			"to": [7, 3, 3.4],
			"rotation": {"angle": 0, "axis": "z", "origin": [8, 14.45, 1.95]},
			"faces": {
				"north": {"uv": [2.75, 8, 3.5, 8.5], "texture": "#1"},
				"east": {"uv": [8, 3.5, 8.75, 4], "texture": "#1"},
				"south": {"uv": [8, 4.5, 8.75, 5], "texture": "#1"},
				"west": {"uv": [8, 5, 8.75, 5.5], "texture": "#1"},
				"up": {"uv": [6.75, 7.75, 6, 7], "texture": "#1"},
				"down": {"uv": [7.5, 7, 6.75, 7.75], "texture": "#1"}
			}
		},
		{
			"from": [4.5, 0.5, 1.9],
			"to": [6.5, 1, 2.9],
			"rotation": {"angle": 0, "axis": "z", "origin": [8, 14.45, 1.95]},
			"faces": {
				"north": {"uv": [8.5, 5.75, 9, 6], "texture": "#1"},
				"east": {"uv": [8.5, 6, 9, 6.25], "texture": "#1"},
				"south": {"uv": [8.5, 6.25, 9, 6.5], "texture": "#1"},
				"west": {"uv": [8.5, 6.5, 9, 6.75], "texture": "#1"},
				"up": {"uv": [8.75, 8, 8.25, 7.5], "texture": "#1"},
				"down": {"uv": [8.75, 8, 8.25, 8.5], "texture": "#1"}
			}
		},
		{
			"from": [4, 4, 4],
			"to": [12, 12, 12],
			"faces": {
				"north": {"uv": [4.5, 4, 6.5, 6], "texture": "#1"},
				"east": {"uv": [4.5, 4, 6.5, 6], "rotation": 270, "texture": "#1"},
				"south": {"uv": [2.5, 4, 4.5, 6], "texture": "#1"},
				"west": {"uv": [4.5, 4, 6.5, 6], "rotation": 90, "texture": "#1"},
				"up": {"uv": [6.5, 6, 4.5, 4], "texture": "#1"},
				"down": {"uv": [6.5, 4, 4.5, 6], "texture": "#1"}
			}
		},
		{
			"from": [12, 12, 4],
			"to": [13, 13, 12],
			"faces": {
				"north": {"uv": [4.5, 4, 4.75, 6], "texture": "#1"},
				"east": {"uv": [4.5, 4, 4.75, 6], "rotation": 270, "texture": "#1"},
				"south": {"uv": [4.5, 4, 4.75, 6], "texture": "#1"},
				"west": {"uv": [4.5, 4, 4.75, 6], "rotation": 90, "texture": "#1"},
				"up": {"uv": [4.75, 6, 4.5, 4], "texture": "#1"},
				"down": {"uv": [4.75, 4, 4.5, 6], "texture": "#1"}
			}
		},
		{
			"from": [3, 12, 4],
			"to": [4, 13, 12],
			"faces": {
				"north": {"uv": [4.5, 4, 4.75, 6], "texture": "#1"},
				"east": {"uv": [4.5, 4, 4.75, 6], "rotation": 270, "texture": "#1"},
				"south": {"uv": [4.5, 4, 4.75, 6], "texture": "#1"},
				"west": {"uv": [4.5, 4, 4.75, 6], "rotation": 90, "texture": "#1"},
				"up": {"uv": [4.75, 6, 4.5, 4], "texture": "#1"},
				"down": {"uv": [4.75, 4, 4.5, 6], "texture": "#1"}
			}
		},
		{
			"from": [3, 12, 12],
			"to": [13, 13, 13],
			"rotation": {"angle": 0, "axis": "y", "origin": [3.5, 12.5, 8]},
			"faces": {
				"north": {"uv": [4.5, 4, 4.75, 6], "rotation": 270, "texture": "#1"},
				"east": {"uv": [4.5, 4, 4.75, 6], "texture": "#1"},
				"south": {"uv": [4.5, 4, 4.75, 6], "rotation": 90, "texture": "#1"},
				"west": {"uv": [4.5, 4, 4.75, 6], "texture": "#1"},
				"up": {"uv": [4.75, 6, 4.5, 4], "rotation": 270, "texture": "#1"},
				"down": {"uv": [4.75, 4, 4.5, 6], "rotation": 90, "texture": "#1"}
			}
		},
		{
			"from": [3, 3, 12],
			"to": [13, 4, 13],
			"rotation": {"angle": 0, "axis": "y", "origin": [3.5, 12.5, 8]},
			"faces": {
				"north": {"uv": [4.5, 4, 4.75, 6], "rotation": 270, "texture": "#1"},
				"east": {"uv": [4.5, 4, 4.75, 6], "texture": "#1"},
				"south": {"uv": [4.5, 4, 4.75, 6], "rotation": 90, "texture": "#1"},
				"west": {"uv": [4.5, 4, 4.75, 6], "texture": "#1"},
				"up": {"uv": [4.75, 6, 4.5, 4], "rotation": 270, "texture": "#1"},
				"down": {"uv": [4.75, 4, 4.5, 6], "rotation": 90, "texture": "#1"}
			}
		},
		{
			"from": [3, 3, 4],
			"to": [4, 4, 12],
			"faces": {
				"north": {"uv": [4.5, 4, 4.75, 6], "texture": "#1"},
				"east": {"uv": [4.5, 4, 4.75, 6], "rotation": 270, "texture": "#1"},
				"south": {"uv": [4.5, 4, 4.75, 6], "texture": "#1"},
				"west": {"uv": [4.5, 4, 4.75, 6], "rotation": 90, "texture": "#1"},
				"up": {"uv": [4.75, 6, 4.5, 4], "texture": "#1"},
				"down": {"uv": [4.75, 4, 4.5, 6], "texture": "#1"}
			}
		},
		{
			"from": [12, 3, 4],
			"to": [13, 4, 12],
			"faces": {
				"north": {"uv": [4.5, 4, 4.75, 6], "texture": "#1"},
				"east": {"uv": [4.5, 4, 4.75, 6], "rotation": 270, "texture": "#1"},
				"south": {"uv": [4.5, 4, 4.75, 6], "texture": "#1"},
				"west": {"uv": [4.5, 4, 4.75, 6], "rotation": 90, "texture": "#1"},
				"up": {"uv": [4.75, 6, 4.5, 4], "texture": "#1"},
				"down": {"uv": [4.75, 4, 4.5, 6], "texture": "#1"}
			}
		},
		{
			"from": [13, 4, 1.5],
			"to": [14, 12, 3.5],
			"faces": {
				"north": {"uv": [1.75, 6.5, 2, 8.5], "texture": "#1"},
				"east": {"uv": [0, 6.5, 0.5, 8.5], "texture": "#1"},
				"south": {"uv": [2, 7.5, 2.25, 9.5], "texture": "#1"},
				"west": {"uv": [0.5, 6.5, 1, 8.5], "texture": "#1"},
				"up": {"uv": [1.25, 9, 1, 8.5], "texture": "#1"},
				"down": {"uv": [1.5, 8.5, 1.25, 9], "texture": "#1"}
			}
		},
		{
			"from": [2, 4, 1.5],
			"to": [3, 12, 3.5],
			"faces": {
				"north": {"uv": [1.75, 6.5, 2, 8.5], "texture": "#1"},
				"east": {"uv": [0, 6.5, 0.5, 8.5], "texture": "#1"},
				"south": {"uv": [2, 7.5, 2.25, 9.5], "texture": "#1"},
				"west": {"uv": [0.5, 6.5, 1, 8.5], "texture": "#1"},
				"up": {"uv": [1.25, 9, 1, 8.5], "texture": "#1"},
				"down": {"uv": [1.5, 8.5, 1.25, 9], "texture": "#1"}
			}
		},
		{
			"from": [3, 3, 1],
			"to": [13, 13, 4],
			"faces": {
				"north": {"uv": [0, 0, 2.5, 2.5], "texture": "#1"},
				"east": {"uv": [4, 6, 5, 8.5], "texture": "#1"},
				"south": {"uv": [0, 2.5, 2.5, 5], "texture": "#1"},
				"west": {"uv": [5, 6, 6, 8.5], "texture": "#1"},
				"up": {"uv": [8.5, 7, 6, 6], "texture": "#1"},
				"down": {"uv": [9, 0, 6.5, 1], "texture": "#1"}
			}
		},
		{
			"from": [3.2, 4.5, 0],
			"to": [12.8, 11.5, 1],
			"faces": {
				"north": {"uv": [0, 5, 2, 6.5], "texture": "#1"},
				"east": {"uv": [2.25, 7.5, 2.5, 9], "texture": "#1"},
				"south": {"uv": [2, 6, 4, 7.5], "texture": "#1"},
				"west": {"uv": [2.5, 7.5, 2.75, 9], "texture": "#1"},
				"up": {"uv": [8.5, 6, 6.5, 5.75], "texture": "#1"},
				"down": {"uv": [9.25, 4.25, 7.25, 4.5], "texture": "#1"}
			}
		}
	],
	"display": {
		"thirdperson_righthand": {
			"rotation": [75, 45, 0],
			"translation": [0, 2.5, 0],
			"scale": [0.375, 0.375, 0.375]
		},
		"thirdperson_lefthand": {
			"rotation": [75, 45, 0],
			"translation": [0, 2.5, 0],
			"scale": [0.375, 0.375, 0.375]
		},
		"firstperson_righthand": {
			"rotation": [0, 45, 0],
			"scale": [0.4, 0.4, 0.4]
		},
		"firstperson_lefthand": {
			"rotation": [0, 225, 0],
			"scale": [0.4, 0.4, 0.4]
		},
		"ground": {
			"translation": [0, 3, 0],
			"scale": [0.4, 0.4, 0.4]
		},
		"gui": {
			"rotation": [30, 225, 0],
			"translation": [-0.5, 0.25, 0],
			"scale": [0.765, 0.765, 0.765]
		},
		"head": {
			"rotation": [0, 180, 90],
			"translation": [0, 0, 1.75]
		},
		"fixed": {
			"rotation": [90, 0, 0],
			"translation": [0, -1.5, 0]
		}
	},
	"groups": [
		{
			"name": "Exchangers",
			"origin": [0, 0, 0],
			"color": 0,
			"children": [0, 1, 2, 3, 4, 5]
		},
		{
			"name": "Exchangers",
			"origin": [0, 0, 0],
			"color": 0,
			"children": [6, 7, 8, 9]
		},
		{
			"name": "center",
			"origin": [8, 8, 8],
			"color": 0,
			"children": [10, 11, 12, 13, 14, 15, 16, 17, 18, 19, 20]
		}
	]
}