{
	"credit": "Made with Blockbench",
	"parent": "block/block",
	"textures": {
		"particle": "create_new_age:block/motor_grade_t2",
		"1_4": "create_new_age:block/motor_grade_t2",
		"1_11": "create_new_age:block/motor_base"
	},
	"elements": [
		{
			"name": "Back",
			"from": [5, 5, 0.9],
			"to": [11, 11, 15.9],
			"rotation": {"angle": 0, "axis": "x", "origin": [8, 8, 9]},
			"faces": {
				"north": {"uv": [0, 12, 1.5, 13.5], "texture": "#1_11"},
				"east": {"uv": [5, 2.5, 8.75, 4], "texture": "#1_11"},
				"south": {"uv": [11.75, 4.5, 13.25, 6], "texture": "#1_11"},
				"west": {"uv": [2.5, 5, 6.25, 6.5], "texture": "#1_11"},
				"up": {"uv": [7.75, 7.75, 6.25, 4], "rotation": 180, "texture": "#1_11"},
				"down": {"uv": [4, 6.5, 2.5, 10.25], "rotation": 180, "texture": "#1_11"}
			}
		},
		{
			"name": "Back",
			"from": [3, 3, 2],
			"to": [13, 13, 4],
			"rotation": {"angle": 0, "axis": "x", "origin": [8, 8, 9]},
			"faces": {
				"north": {"uv": [0, 2.5, 2.5, 5], "texture": "#1_11"},
				"east": {"uv": [6.5, 12.25, 7, 14.75], "texture": "#1_11"},
				"south": {"uv": [0, 0, 2.5, 2.5], "texture": "#1_11"},
				"west": {"uv": [1.5, 12, 2, 14.5], "texture": "#1_11"},
				"up": {"uv": [9.5, 13.25, 7, 12.75], "rotation": 180, "texture": "#1_11"},
				"down": {"uv": [15.75, 4.5, 13.25, 5], "rotation": 180, "texture": "#1_11"}
			}
		},
		{
			"name": "Back",
			"from": [3, 3, 2],
			"to": [13, 13, 4],
			"rotation": {"angle": 0, "axis": "x", "origin": [8, 8, 9]},
			"faces": {
				"north": {"uv": [2.5, 2.5, 5, 5], "texture": "#1_11"},
				"east": {"uv": [2.5, 12.75, 3, 15.25], "texture": "#1_11"},
				"south": {"uv": [2.5, 0, 5, 2.5], "texture": "#1_11"},
				"west": {"uv": [2, 12.75, 2.5, 15.25], "texture": "#1_11"},
				"up": {"uv": [15.75, 5.5, 13.25, 5], "rotation": 180, "texture": "#1_11"},
				"down": {"uv": [15.75, 5.5, 13.25, 6], "rotation": 180, "texture": "#1_11"}
			}
		},
		{
			"name": "Back",
			"from": [3, 3, 13],
			"to": [13, 13, 15],
			"rotation": {"angle": 0, "axis": "x", "origin": [8, 8, 9]},
			"faces": {
				"north": {"uv": [5, 0, 7.5, 2.5], "texture": "#1_11"},
				"east": {"uv": [9.5, 12.75, 10, 15.25], "texture": "#1_11"},
				"south": {"uv": [0, 5, 2.5, 7.5], "texture": "#1_11"},
				"west": {"uv": [3, 12.75, 3.5, 15.25], "texture": "#1_11"},
				"up": {"uv": [15.75, 6.5, 13.25, 6], "rotation": 180, "texture": "#1_11"},
				"down": {"uv": [15.75, 6.5, 13.25, 7], "rotation": 180, "texture": "#1_11"}
			}
		},
		{
			"name": "Between Rims",
			"from": [3.5, 3.5, 7.6],
			"to": [12.5, 12.5, 10.6],
			"rotation": {"angle": 0, "axis": "x", "origin": [8, 8, 9]},
			"faces": {
				"east": {"uv": [3, 0, 6, 9], "texture": "#1_4"},
				"west": {"uv": [0, 0, 3, 9], "texture": "#1_4"},
				"up": {"uv": [15, 3, 6, 0], "rotation": 180, "texture": "#1_4"},
				"down": {"uv": [15, 3, 6, 6], "rotation": 180, "texture": "#1_4"}
			}
		},
		{
			"name": "Body",
			"from": [4, 4, 4.6],
			"to": [12, 12, 13.1],
			"rotation": {"angle": 0, "axis": "x", "origin": [8, 8, 9]},
			"faces": {
				"north": {"uv": [9.75, 4.25, 11.75, 6.25], "texture": "#1_11"},
				"east": {"uv": [4, 8.75, 6.125, 10.75], "texture": "#1_11"},
				"south": {"uv": [9.75, 2.25, 11.75, 4.25], "texture": "#1_11"},
				"west": {"uv": [8.5, 8.25, 10.625, 10.25], "texture": "#1_11"},
				"up": {"uv": [11.5, 2.125, 9.5, 0], "rotation": 180, "texture": "#1_11"},
				"down": {"uv": [2, 9.75, 0, 11.875], "rotation": 180, "texture": "#1_11"}
			}
		},
		{
			"from": [2, 12, 0],
			"to": [4, 14, 16],
			"rotation": {"angle": 0, "axis": "x", "origin": [8, 8, 9]},
			"faces": {
				"north": {"uv": [15.5, 11.5, 16, 12], "texture": "#1_11"},
				"east": {"uv": [15.5, 12, 16, 16], "rotation": 90, "texture": "#1_11"},
				"south": {"uv": [15.5, 11.4875, 16, 11.9875], "texture": "#1_11"},
				"west": {"uv": [15.5, 12, 16, 16], "rotation": 90, "texture": "#1_11"},
				"up": {"uv": [16, 16, 15.5, 12], "rotation": 180, "texture": "#1_11"},
				"down": {"uv": [15.5, 12, 15, 16], "rotation": 180, "texture": "#1_11"}
			}
		},
		{
			"from": [12, 12, 0],
			"to": [14, 14, 16],
			"rotation": {"angle": 0, "axis": "x", "origin": [8, 8, 9]},
			"faces": {
				"north": {"uv": [15.5, 11.5, 16, 12], "texture": "#1_11"},
				"east": {"uv": [15.5, 12, 16, 16], "rotation": 90, "texture": "#1_11"},
				"south": {"uv": [15.5, 11.4875, 16, 11.9875], "texture": "#1_11"},
				"west": {"uv": [15.5, 12, 16, 16], "rotation": 90, "texture": "#1_11"},
				"up": {"uv": [16, 16, 15.5, 12], "rotation": 180, "texture": "#1_11"},
				"down": {"uv": [15.5, 12, 15, 16], "rotation": 180, "texture": "#1_11"}
			}
		},
		{
			"from": [2, 2, 0],
			"to": [4, 4, 16],
			"rotation": {"angle": 0, "axis": "x", "origin": [8, 8, 9]},
			"faces": {
				"north": {"uv": [15.5, 11.5, 16, 12], "texture": "#1_11"},
				"east": {"uv": [15.5, 12, 16, 16], "rotation": 90, "texture": "#1_11"},
				"south": {"uv": [15.5, 11.4875, 16, 11.9875], "texture": "#1_11"},
				"west": {"uv": [15.5, 12, 16, 16], "rotation": 90, "texture": "#1_11"},
				"up": {"uv": [16, 16, 15.5, 12], "rotation": 180, "texture": "#1_11"},
				"down": {"uv": [15.5, 12, 15, 16], "rotation": 180, "texture": "#1_11"}
			}
		},
		{
			"from": [12, 2, 0],
			"to": [14, 4, 16],
			"rotation": {"angle": 0, "axis": "x", "origin": [8, 8, 9]},
			"faces": {
				"north": {"uv": [15.5, 11.5, 16, 12], "texture": "#1_11"},
				"east": {"uv": [15.5, 12, 16, 16], "rotation": 90, "texture": "#1_11"},
				"south": {"uv": [15.5, 11.4875, 16, 11.9875], "texture": "#1_11"},
				"west": {"uv": [15.5, 12, 16, 16], "rotation": 90, "texture": "#1_11"},
				"up": {"uv": [16, 16, 15.5, 12], "rotation": 180, "texture": "#1_11"},
				"down": {"uv": [15.5, 12, 15, 16], "rotation": 180, "texture": "#1_11"}
			}
		},
		{
			"from": [5, 3, 6],
			"to": [11, 13, 12],
			"rotation": {"angle": 0, "axis": "x", "origin": [8, 8, 9]},
			"faces": {
				"north": {"uv": [7.75, 10.25, 9.25, 12.75], "texture": "#1_11"},
				"east": {"uv": [9.25, 10.25, 10.75, 12.75], "texture": "#1_11"},
				"south": {"uv": [6.25, 9.75, 7.75, 12.25], "texture": "#1_11"},
				"west": {"uv": [2, 10.25, 3.5, 12.75], "texture": "#1_11"},
				"up": {"uv": [5, 13.75, 3.5, 12.25], "rotation": 180, "texture": "#1_11"},
				"down": {"uv": [6.5, 12.25, 5, 13.75], "rotation": 180, "texture": "#1_11"}
			}
		},
		{
			"from": [3, 5, 6],
			"to": [13, 11, 12],
			"rotation": {"angle": 0, "axis": "x", "origin": [8, 8, 9]},
			"faces": {
				"north": {"uv": [10.75, 6.25, 13.25, 7.75], "texture": "#1_11"},
				"east": {"uv": [3.5, 12.25, 5, 13.75], "texture": "#1_11"},
				"south": {"uv": [3.5, 12.25, 5, 13.75], "texture": "#1_11"},
				"west": {"uv": [3.5, 12.25, 5, 13.75], "texture": "#1_11"},
				"up": {"uv": [13.25, 9.25, 10.75, 7.75], "rotation": 180, "texture": "#1_11"},
				"down": {"uv": [13.25, 7.75, 10.75, 9.25], "rotation": 180, "texture": "#1_11"}
			}
		}
	],
	"display": {
		"gui": {
			"rotation": [30, 45, 0],
			"scale": [0.625, 0.625, 0.625]
		}
	},
	"groups": [
		{
			"name": "Motor",
			"origin": [8, 8, 8],
			"color": 0,
			"children": [
				0,
				1,
				2,
				3,
				4,
				5,
				6,
				7,
				8,
				9,
				{
					"name": "shaft",
					"origin": [8, 8, 8],
					"color": 0,
					"children": []
				},
				10,
				11
			]
		}
	]
}