{
	"credit": "Made with Blockbench",
	"texture_size": [64, 64],
	"textures": {
		"2": "create_new_age:block/energiser_t2",
		"particle": "create_new_age:block/energiser_t2"
	},
	"elements": [
		{
			"name": "Top",
			"from": [0, 14, 0],
			"to": [16, 16, 16],
			"rotation": {"angle": 0, "axis": "y", "origin": [8, 9, 8]},
			"faces": {
				"north": {"uv": [7.5, 5.5, 11.5, 6], "texture": "#2"},
				"east": {"uv": [7.5, 6, 11.5, 6.5], "texture": "#2"},
				"south": {"uv": [7.5, 6.5, 11.5, 7], "texture": "#2"},
				"west": {"uv": [7.5, 7, 11.5, 7.5], "texture": "#2"},
				"up": {"uv": [4, 4, 0, 0], "texture": "#2"},
				"down": {"uv": [4, 4, 0, 8], "texture": "#2"}
			}
		},
		{
			"name": "Top",
			"from": [0, 2, 2],
			"to": [2, 4, 14],
			"rotation": {"angle": 0, "axis": "y", "origin": [8, 9, 8]},
			"faces": {
				"east": {"uv": [7.5, 8.75, 10.5, 9.25], "texture": "#2"},
				"west": {"uv": [8.75, 7.5, 11.75, 8], "texture": "#2"},
				"up": {"uv": [1.75, 11, 1.25, 8], "texture": "#2"},
				"down": {"uv": [2.25, 8, 1.75, 11], "texture": "#2"}
			}
		},
		{
			"name": "Top",
			"from": [0, 2, 2],
			"to": [2, 4, 14],
			"rotation": {"angle": 0, "axis": "y", "origin": [8, 9, 8]},
			"faces": {
				"east": {"uv": [8.75, 8, 11.75, 8.5], "texture": "#2"},
				"west": {"uv": [2.25, 9, 5.25, 9.5], "texture": "#2"},
				"up": {"uv": [5.75, 12, 5.25, 9], "texture": "#2"},
				"down": {"uv": [6.25, 9, 5.75, 12], "texture": "#2"}
			}
		},
		{
			"name": "Top",
			"from": [14, 2, 2],
			"to": [16, 4, 14],
			"rotation": {"angle": 0, "axis": "y", "origin": [8, 9, 8]},
			"faces": {
				"east": {"uv": [6.25, 9.25, 9.25, 9.75], "texture": "#2"},
				"west": {"uv": [9.25, 9.25, 12.25, 9.75], "texture": "#2"},
				"up": {"uv": [0.5, 12.25, 0, 9.25], "texture": "#2"},
				"down": {"uv": [1, 9.25, 0.5, 12.25], "texture": "#2"}
			}
		},
		{
			"name": "Top",
			"from": [1, 8, 2],
			"to": [3, 10, 14],
			"rotation": {"angle": 0, "axis": "y", "origin": [8, 9, 8]},
			"faces": {
				"east": {"uv": [2.25, 9.5, 5.25, 10], "texture": "#2"},
				"west": {"uv": [6.25, 9.75, 9.25, 10.25], "texture": "#2"},
				"up": {"uv": [9.75, 12.75, 9.25, 9.75], "texture": "#2"},
				"down": {"uv": [10.25, 9.75, 9.75, 12.75], "texture": "#2"}
			}
		},
		{
			"name": "Top",
			"from": [13, 8, 2],
			"to": [15, 10, 14],
			"rotation": {"angle": 0, "axis": "y", "origin": [8, 9, 8]},
			"faces": {
				"east": {"uv": [10, 0, 13, 0.5], "texture": "#2"},
				"west": {"uv": [10, 0.5, 13, 1], "texture": "#2"},
				"up": {"uv": [2.75, 13, 2.25, 10], "texture": "#2"},
				"down": {"uv": [3.25, 10, 2.75, 13], "texture": "#2"}
			}
		},
		{
			"name": "Core",
			"from": [2, 3, 1],
			"to": [14, 14, 15],
			"rotation": {"angle": 0, "axis": "y", "origin": [8, 9, 8]},
			"faces": {
				"north": {"uv": [7, 0, 10, 2.75], "texture": "#2"},
				"east": {"uv": [4, 3.5, 7.5, 6.25], "texture": "#2"},
				"south": {"uv": [7.5, 2.75, 10.5, 5.5], "texture": "#2"},
				"west": {"uv": [4, 6.25, 7.5, 9], "texture": "#2"},
				"down": {"uv": [7, 0, 4, 3.5], "texture": "#2"}
			}
		},
		{
			"name": "Side",
			"from": [0, 2, 14],
			"to": [2, 14, 16],
			"rotation": {"angle": 0, "axis": "y", "origin": [8, 9, 8]},
			"faces": {
				"north": {"uv": [3.25, 10, 3.75, 13], "texture": "#2"},
				"east": {"uv": [3.75, 10, 4.25, 13], "texture": "#2"},
				"south": {"uv": [4.25, 10, 4.75, 13], "texture": "#2"},
				"west": {"uv": [4.75, 10, 5.25, 13], "texture": "#2"},
				"down": {"uv": [13.75, 0.5, 13.25, 1], "texture": "#2"}
			}
		},
		{
			"name": "Side",
			"from": [0, 2, 0],
			"to": [2, 14, 2],
			"rotation": {"angle": 0, "axis": "y", "origin": [8, 9, 8]},
			"faces": {
				"north": {"uv": [6.25, 10.25, 6.75, 13.25], "texture": "#2"},
				"east": {"uv": [6.75, 10.25, 7.25, 13.25], "texture": "#2"},
				"south": {"uv": [7.25, 10.25, 7.75, 13.25], "texture": "#2"},
				"west": {"uv": [7.75, 10.25, 8.25, 13.25], "texture": "#2"},
				"down": {"uv": [13.75, 1, 13.25, 1.5], "texture": "#2"}
			}
		},
		{
			"name": "Side",
			"from": [14, 2, 14],
			"to": [16, 14, 16],
			"rotation": {"angle": 0, "axis": "y", "origin": [8, 9, 8]},
			"faces": {
				"north": {"uv": [8.25, 10.25, 8.75, 13.25], "texture": "#2"},
				"east": {"uv": [8.75, 10.25, 9.25, 13.25], "texture": "#2"},
				"south": {"uv": [10.25, 9.75, 10.75, 12.75], "texture": "#2"},
				"west": {"uv": [10.5, 1, 11, 4], "texture": "#2"},
				"down": {"uv": [13.75, 1.5, 13.25, 2], "texture": "#2"}
			}
		},
		{
			"name": "Side",
			"from": [14, 2, 0],
			"to": [16, 14, 2],
			"rotation": {"angle": 0, "axis": "y", "origin": [8, 9, 8]},
			"faces": {
				"north": {"uv": [10.75, 9.75, 11.25, 12.75], "texture": "#2"},
				"east": {"uv": [1, 11, 1.5, 14], "texture": "#2"},
				"south": {"uv": [11, 1, 11.5, 4], "texture": "#2"},
				"west": {"uv": [1.5, 11, 2, 14], "texture": "#2"},
				"down": {"uv": [13.75, 2, 13.25, 2.5], "texture": "#2"}
			}
		},
		{
			"from": [13.3, 11, 5],
			"to": [15.3, 13, 7],
			"faces": {
				"north": {"uv": [13.25, 2.5, 13.75, 3], "texture": "#2"},
				"east": {"uv": [2.75, 13.25, 3.25, 13.75], "texture": "#2"},
				"south": {"uv": [13.25, 3, 13.75, 3.5], "texture": "#2"},
				"west": {"uv": [3.25, 13.25, 3.75, 13.75], "texture": "#2"},
				"up": {"uv": [13.75, 4, 13.25, 3.5], "texture": "#2"},
				"down": {"uv": [4.25, 13.25, 3.75, 13.75], "texture": "#2"}
			}
		},
		{
			"from": [13.3, 5, 10],
			"to": [15.3, 7, 12],
			"faces": {
				"north": {"uv": [13.25, 4, 13.75, 4.5], "texture": "#2"},
				"east": {"uv": [13.25, 4.5, 13.75, 5], "texture": "#2"},
				"south": {"uv": [6.25, 13.25, 6.75, 13.75], "texture": "#2"},
				"west": {"uv": [6.75, 13.25, 7.25, 13.75], "texture": "#2"},
				"up": {"uv": [7.75, 13.75, 7.25, 13.25], "texture": "#2"},
				"down": {"uv": [8.25, 13.25, 7.75, 13.75], "texture": "#2"}
			}
		},
		{
			"from": [13.3, 11.5, 4],
			"to": [14.8, 12.5, 5],
			"faces": {
				"north": {"uv": [10, 2.5, 10.5, 2.75], "texture": "#2"},
				"east": {"uv": [12, 9, 12.25, 9.25], "texture": "#2"},
				"south": {"uv": [13.5, 5.5, 14, 5.75], "texture": "#2"},
				"west": {"uv": [13.75, 4.75, 14, 5], "texture": "#2"},
				"up": {"uv": [3.75, 14, 3.25, 13.75], "texture": "#2"},
				"down": {"uv": [14.25, 3.25, 13.75, 3.5], "texture": "#2"}
			}
		},
		{
			"name": "Tesla Base",
			"from": [6, -1, 6],
			"to": [10, 3, 10],
			"rotation": {"angle": 0, "axis": "y", "origin": [8, 1.5, 8]},
			"faces": {
				"north": {"uv": [10.5, 4, 11.5, 5], "texture": "#2"},
				"east": {"uv": [11.75, 11.25, 12.75, 12.25], "texture": "#2"},
				"south": {"uv": [12, 1, 13, 2], "texture": "#2"},
				"west": {"uv": [12, 2, 13, 3], "texture": "#2"},
				"down": {"uv": [13, 3, 12, 4], "texture": "#2"}
			}
		},
		{
			"name": "Tesla Base",
			"from": [7, 0, 5],
			"to": [9, 3, 11],
			"rotation": {"angle": 0, "axis": "y", "origin": [8, 1.5, 8]},
			"faces": {
				"north": {"uv": [7, 2.75, 7.5, 3.5], "texture": "#2"},
				"east": {"uv": [2.25, 8, 3.75, 8.75], "texture": "#2"},
				"south": {"uv": [4.25, 13, 4.75, 13.75], "texture": "#2"},
				"west": {"uv": [10.5, 8.5, 12, 9.25], "texture": "#2"},
				"down": {"uv": [10.5, 1, 10, 2.5], "texture": "#2"}
			}
		},
		{
			"name": "Tesla Base",
			"from": [5, 0, 7],
			"to": [11, 3, 9],
			"rotation": {"angle": 0, "axis": "y", "origin": [8, 1.5, 8]},
			"faces": {
				"north": {"uv": [11.75, 9.75, 13.25, 10.5], "texture": "#2"},
				"east": {"uv": [4.75, 13, 5.25, 13.75], "texture": "#2"},
				"south": {"uv": [11.75, 10.5, 13.25, 11.25], "texture": "#2"},
				"west": {"uv": [13, 5, 13.5, 5.75], "texture": "#2"},
				"down": {"uv": [13.5, 8.5, 12, 9], "texture": "#2"}
			}
		},
		{
			"name": "Tesla Base",
			"from": [5.8, -2, 5.8],
			"to": [10.3, -1, 10.3],
			"rotation": {"angle": 0, "axis": "y", "origin": [8, 1.5, 8]},
			"faces": {
				"north": {"uv": [6.25, 9, 7.5, 9.25], "texture": "#2"},
				"east": {"uv": [13, 13, 14.25, 13.25], "texture": "#2"},
				"south": {"uv": [13.25, 0, 14.5, 0.25], "texture": "#2"},
				"west": {"uv": [13.25, 0.25, 14.5, 0.5], "texture": "#2"},
				"up": {"uv": [8.75, 8.75, 7.5, 7.5], "texture": "#2"},
				"down": {"uv": [1.25, 8, 0, 9.25], "texture": "#2"}
			}
		},
		{
			"from": [6, -6.2, 6],
			"to": [10, -3.7, 10],
			"faces": {
				"north": {"uv": [10.5, 5, 11.5, 5.5], "texture": "#2"},
				"east": {"uv": [12.25, 8, 13.25, 8.5], "texture": "#2"},
				"south": {"uv": [12.25, 9, 13.25, 9.5], "texture": "#2"},
				"west": {"uv": [11.25, 12.25, 12.25, 12.75], "texture": "#2"},
				"up": {"uv": [13, 5, 12, 4], "texture": "#2"},
				"down": {"uv": [13, 5, 12, 6], "texture": "#2"}
			}
		},
		{
			"from": [7, -6, 5],
			"to": [9, -4, 11],
			"rotation": {"angle": 0, "axis": "y", "origin": [8, -5, 8]},
			"faces": {
				"north": {"uv": [13.25, 10.75, 13.75, 11.25], "texture": "#2"},
				"south": {"uv": [13.25, 11.5, 13.75, 12], "texture": "#2"},
				"up": {"uv": [5.75, 13.5, 5.25, 12], "texture": "#2"},
				"down": {"uv": [6.25, 12, 5.75, 13.5], "texture": "#2"}
			}
		},
		{
			"from": [7, -6, 5],
			"to": [9, -4, 11],
			"rotation": {"angle": -45, "axis": "y", "origin": [8, -5, 8]},
			"faces": {
				"north": {"uv": [13.25, 12, 13.75, 12.5], "texture": "#2"},
				"south": {"uv": [13.25, 12.5, 13.75, 13], "texture": "#2"},
				"up": {"uv": [0.5, 13.75, 0, 12.25], "texture": "#2"},
				"down": {"uv": [1, 12.25, 0.5, 13.75], "texture": "#2"}
			}
		},
		{
			"from": [5, -6, 7],
			"to": [11, -4, 9],
			"rotation": {"angle": 0, "axis": "y", "origin": [8, -5, 8]},
			"faces": {
				"east": {"uv": [13, 13.25, 13.5, 13.75], "texture": "#2"},
				"west": {"uv": [13.5, 5, 14, 5.5], "texture": "#2"},
				"up": {"uv": [13.75, 6.5, 12.25, 6], "texture": "#2"},
				"down": {"uv": [13.75, 6.5, 12.25, 7], "texture": "#2"}
			}
		},
		{
			"from": [5, -6, 7],
			"to": [11, -4, 9],
			"rotation": {"angle": -45, "axis": "y", "origin": [8, -5, 8]},
			"faces": {
				"east": {"uv": [5.25, 13.5, 5.75, 14], "texture": "#2"},
				"west": {"uv": [5.75, 13.5, 6.25, 14], "texture": "#2"},
				"up": {"uv": [13.75, 7.5, 12.25, 7], "texture": "#2"},
				"down": {"uv": [13.75, 7.5, 12.25, 8], "texture": "#2"}
			}
		},
		{
			"from": [7, -6, 7],
			"to": [9, 4, 9],
			"rotation": {"angle": 0, "axis": "y", "origin": [8, -1, 8]},
			"faces": {
				"north": {"uv": [11.25, 9.75, 11.75, 12.25], "texture": "#2"},
				"east": {"uv": [11.5, 1, 12, 3.5], "texture": "#2"},
				"south": {"uv": [11.5, 3.5, 12, 6], "texture": "#2"},
				"west": {"uv": [11.75, 6, 12.25, 8.5], "texture": "#2"},
				"up": {"uv": [14, 9, 13.5, 8.5], "texture": "#2"},
				"down": {"uv": [14, 13.25, 13.5, 13.75], "texture": "#2"}
			}
		},
		{
			"from": [0, 5, 3],
			"to": [2, 7, 5],
			"faces": {
				"north": {"uv": [13.25, 8, 13.75, 8.5], "texture": "#2"},
				"east": {"uv": [8.25, 13.25, 8.75, 13.75], "texture": "#2"},
				"south": {"uv": [8.75, 13.25, 9.25, 13.75], "texture": "#2"},
				"west": {"uv": [13.25, 9, 13.75, 9.5], "texture": "#2"},
				"up": {"uv": [13.75, 10.25, 13.25, 9.75], "texture": "#2"},
				"down": {"uv": [13.75, 10.25, 13.25, 10.75], "texture": "#2"}
			}
		},
		{
			"from": [0, 5, 6],
			"to": [2, 7, 8],
			"faces": {
				"north": {"uv": [0, 13.75, 0.5, 14.25], "texture": "#2"},
				"east": {"uv": [0.5, 13.75, 1, 14.25], "texture": "#2"},
				"south": {"uv": [13.75, 0.5, 14.25, 1], "texture": "#2"},
				"west": {"uv": [13.75, 1, 14.25, 1.5], "texture": "#2"},
				"up": {"uv": [14.25, 2, 13.75, 1.5], "texture": "#2"},
				"down": {"uv": [14.25, 2, 13.75, 2.5], "texture": "#2"}
			}
		},
		{
			"from": [1.5, 4, 11.4],
			"to": [2, 11, 12],
			"faces": {
				"north": {"uv": [1, 9.25, 1.25, 11], "texture": "#2"},
				"east": {"uv": [12.75, 11.25, 13, 13], "texture": "#2"},
				"south": {"uv": [11.5, 12.75, 11.75, 14.5], "texture": "#2"},
				"west": {"uv": [11.75, 12.75, 12, 14.5], "texture": "#2"},
				"up": {"uv": [14, 6.5, 13.75, 6.25], "texture": "#2"},
				"down": {"uv": [6.75, 13.75, 6.5, 14], "texture": "#2"}
			}
		},
		{
			"from": [14, 5.3, 2.7],
			"to": [14.5, 12.3, 3.3],
			"faces": {
				"north": {"uv": [12, 12.75, 12.25, 14.5], "texture": "#2"},
				"east": {"uv": [13, 0, 13.25, 1.75], "texture": "#2"},
				"south": {"uv": [13, 1.75, 13.25, 3.5], "texture": "#2"},
				"west": {"uv": [2, 13, 2.25, 14.75], "texture": "#2"},
				"up": {"uv": [14, 6.75, 13.75, 6.5], "texture": "#2"},
				"down": {"uv": [7, 13.75, 6.75, 14], "texture": "#2"}
			}
		},
		{
			"from": [14, 6.7, 10.2],
			"to": [14.5, 14.7, 10.8],
			"faces": {
				"north": {"uv": [2, 11, 2.25, 13], "texture": "#2"},
				"east": {"uv": [12.25, 12.25, 12.5, 14.25], "texture": "#2"},
				"south": {"uv": [12.5, 12.25, 12.75, 14.25], "texture": "#2"},
				"west": {"uv": [9.25, 12.75, 9.5, 14.75], "texture": "#2"},
				"up": {"uv": [14, 7, 13.75, 6.75], "texture": "#2"},
				"down": {"uv": [7.25, 13.75, 7, 14], "texture": "#2"}
			}
		},
		{
			"from": [14, 6.7, 11.2],
			"to": [14.5, 14.7, 11.8],
			"faces": {
				"north": {"uv": [9.5, 12.75, 9.75, 14.75], "texture": "#2"},
				"east": {"uv": [9.75, 12.75, 10, 14.75], "texture": "#2"},
				"south": {"uv": [10, 12.75, 10.25, 14.75], "texture": "#2"},
				"west": {"uv": [10.25, 12.75, 10.5, 14.75], "texture": "#2"},
				"up": {"uv": [14, 7.25, 13.75, 7], "texture": "#2"},
				"down": {"uv": [7.5, 13.75, 7.25, 14], "texture": "#2"}
			}
		},
		{
			"from": [14, 5.3, 3.3],
			"to": [14.5, 5.9, 10.3],
			"rotation": {"angle": 0, "axis": "x", "origin": [14.25, 8.8, 4]},
			"faces": {
				"north": {"uv": [13.75, 7.25, 14, 7.5], "texture": "#2"},
				"east": {"uv": [2.25, 8.75, 4, 9], "texture": "#2"},
				"south": {"uv": [7.5, 13.75, 7.75, 14], "texture": "#2"},
				"west": {"uv": [8.75, 8.5, 10.5, 8.75], "texture": "#2"},
				"up": {"uv": [2.5, 14.75, 2.25, 13], "texture": "#2"},
				"down": {"uv": [2.75, 13, 2.5, 14.75], "texture": "#2"}
			}
		},
		{
			"from": [14, 11.7, 3.3],
			"to": [14.5, 12.3, 5.3],
			"rotation": {"angle": 0, "axis": "x", "origin": [14.25, 8.8, 4]},
			"faces": {
				"north": {"uv": [13.75, 7.5, 14, 7.75], "texture": "#2"},
				"east": {"uv": [13.75, 3.5, 14.25, 3.75], "texture": "#2"},
				"south": {"uv": [7.75, 13.75, 8, 14], "texture": "#2"},
				"west": {"uv": [3.75, 13.75, 4.25, 14], "texture": "#2"},
				"up": {"uv": [14, 4.25, 13.75, 3.75], "texture": "#2"},
				"down": {"uv": [4.5, 13.75, 4.25, 14.25], "texture": "#2"}
			}
		},
		{
			"from": [1.5, 4, 12.4],
			"to": [2, 12, 13],
			"faces": {
				"north": {"uv": [10.5, 12.75, 10.75, 14.75], "texture": "#2"},
				"east": {"uv": [10.75, 12.75, 11, 14.75], "texture": "#2"},
				"south": {"uv": [11, 12.75, 11.25, 14.75], "texture": "#2"},
				"west": {"uv": [11.25, 12.75, 11.5, 14.75], "texture": "#2"},
				"up": {"uv": [14, 8, 13.75, 7.75], "texture": "#2"},
				"down": {"uv": [8.25, 13.75, 8, 14], "texture": "#2"}
			}
		},
		{
			"from": [1.5, 11, 6],
			"to": [2, 14, 6.6],
			"faces": {
				"north": {"uv": [3.75, 8, 4, 8.75], "texture": "#2"},
				"east": {"uv": [13.75, 2.5, 14, 3.25], "texture": "#2"},
				"south": {"uv": [2.75, 13.75, 3, 14.5], "texture": "#2"},
				"west": {"uv": [3, 13.75, 3.25, 14.5], "texture": "#2"},
				"up": {"uv": [14, 8.25, 13.75, 8], "texture": "#2"},
				"down": {"uv": [8.5, 13.75, 8.25, 14], "texture": "#2"}
			}
		},
		{
			"from": [1.5, 12.6, 7],
			"to": [2, 14.6, 7.6],
			"faces": {
				"north": {"uv": [13.75, 4.25, 14, 4.75], "texture": "#2"},
				"east": {"uv": [4.5, 13.75, 4.75, 14.25], "texture": "#2"},
				"south": {"uv": [4.75, 13.75, 5, 14.25], "texture": "#2"},
				"west": {"uv": [5, 13.75, 5.25, 14.25], "texture": "#2"},
				"up": {"uv": [14, 8.5, 13.75, 8.25], "texture": "#2"},
				"down": {"uv": [8.75, 13.75, 8.5, 14], "texture": "#2"}
			}
		},
		{
			"from": [1.5, 11, 6],
			"to": [2, 11.6, 12],
			"rotation": {"angle": 0, "axis": "x", "origin": [1.75, 10, 12.7]},
			"faces": {
				"north": {"uv": [8.75, 13.75, 9, 14], "texture": "#2"},
				"east": {"uv": [13, 5.75, 14.5, 6], "texture": "#2"},
				"south": {"uv": [9, 13.75, 9.25, 14], "texture": "#2"},
				"west": {"uv": [13, 11.25, 14.5, 11.5], "texture": "#2"},
				"up": {"uv": [13.25, 13, 13, 11.5], "texture": "#2"},
				"down": {"uv": [13, 13, 12.75, 14.5], "texture": "#2"}
			}
		},
		{
			"from": [1.5, 12, 7],
			"to": [2, 12.6, 13],
			"rotation": {"angle": 0, "axis": "x", "origin": [1.75, 10, 12.7]},
			"faces": {
				"north": {"uv": [13.75, 6, 14, 6.25], "texture": "#2"},
				"east": {"uv": [12.25, 9.5, 13.75, 9.75], "texture": "#2"},
				"south": {"uv": [6.25, 13.75, 6.5, 14], "texture": "#2"},
				"west": {"uv": [2.75, 13, 4.25, 13.25], "texture": "#2"},
				"up": {"uv": [11.75, 7.5, 11.5, 6], "texture": "#2"},
				"down": {"uv": [13.25, 3.5, 13, 5], "texture": "#2"}
			}
		}
	],
	"display": {
		"thirdperson_righthand": {
			"rotation": [-180, 160, 21],
			"translation": [0.75, 2.5, -1.25],
			"scale": [0.375, 0.375, 0.375]
		},
		"thirdperson_lefthand": {
			"rotation": [75, 45, 0],
			"translation": [0, 2.5, 0],
			"scale": [0.375, 0.375, 0.375]
		},
		"firstperson_righthand": {
			"rotation": [0, 45, 0],
			"translation": [3.25, 3.5, 0],
			"scale": [0.3, 0.3, 0.3]
		},
		"firstperson_lefthand": {
			"rotation": [0, 45, 0],
			"translation": [3.25, 3.5, 0],
			"scale": [0.3, 0.3, 0.3]
		},
		"ground": {
			"translation": [0, 3, 0],
			"scale": [0.25, 0.25, 0.25]
		},
		"gui": {
			"rotation": [30, 225, 0],
			"translation": [0, 1.25, 0],
			"scale": [0.5, 0.5, 0.5]
		},
		"head": {
			"rotation": [180, 0, 0],
			"scale": [0.91, 0.91, 0.91]
		},
		"fixed": {
			"scale": [0.5, 0.5, 0.5]
		}
	},
	"groups": [
		{
			"name": "block",
			"origin": [8, 8, 8],
			"color": 0,
			"children": [0, 1, 2, 3, 4, 5, 6, 7, 8, 9, 10, 11, 12, 13]
		},
		{
			"name": "energiser",
			"origin": [8, 8, 8],
			"color": 0,
			"children": [
				14,
				15,
				16,
				17,
				{
					"name": "group",
					"origin": [8, 2, 8],
					"color": 0,
					"children": [18, 19, 20, 21, 22, 23]
				}
			]
		},
		24,
		25,
		26,
		27,
		28,
		29,
		30,
		31,
		32,
		33,
		34,
		35,
		36
	]
}