{
	"credit": "Made with Blockbench",
	"parent": "minecraft:block/cube_bottom_top",
	"texture_size": [64, 64],
	"textures": {
		"3": "create_new_age:block/solar/solar_0",
		"particle": "create_new_age:block/solar/solar_0"
	},
	"elements": [
		{
			"from": [1, 0, 1],
			"to": [15, 7, 15],
			"faces": {
				"north": {"uv": [3.5, 6.5, 7, 8.25], "texture": "#3"},
				"east": {"uv": [6.75, 0, 10.25, 1.75], "texture": "#3"},
				"south": {"uv": [6.75, 1.75, 10.25, 3.5], "texture": "#3"},
				"west": {"uv": [6.75, 3.5, 10.25, 5.25], "texture": "#3"},
				"up": {"uv": [3.5, 3.5, 0, 0], "texture": "#3"},
				"down": {"uv": [3.5, 3.5, 0, 7], "texture": "#3"}
			}
		},
		{
			"from": [5, 7, 5],
			"to": [11, 8, 11],
			"faces": {
				"north": {"uv": [2, 7, 3.5, 7.25], "texture": "#3"},
				"east": {"uv": [2, 7.25, 3.5, 7.5], "texture": "#3"},
				"south": {"uv": [2, 7.5, 3.5, 7.75], "texture": "#3"},
				"west": {"uv": [2, 7.75, 3.5, 8], "texture": "#3"},
				"up": {"uv": [11, 10.75, 9.5, 9.25], "texture": "#3"},
				"down": {"uv": [11.75, 0, 10.25, 1.5], "texture": "#3"}
			}
		},
		{
			"from": [2, 7, 7],
			"to": [5, 8, 9],
			"rotation": {"angle": 0, "axis": "y", "origin": [8, 7.5, 8]},
			"faces": {
				"north": {"uv": [2, 8, 2.75, 8.25], "texture": "#3"},
				"east": {"uv": [12.25, 12.25, 12.75, 12.5], "texture": "#3"},
				"south": {"uv": [2.75, 8, 3.5, 8.25], "texture": "#3"},
				"west": {"uv": [12.5, 1, 13, 1.25], "texture": "#3"},
				"up": {"uv": [6.75, 8.75, 6, 8.25], "texture": "#3"},
				"down": {"uv": [6.75, 8.75, 6, 9.25], "texture": "#3"}
			}
		},
		{
			"from": [11, 7, 7],
			"to": [14, 8, 9],
			"rotation": {"angle": 0, "axis": "y", "origin": [8, 7.5, 8]},
			"faces": {
				"north": {"uv": [11.75, 1, 12.5, 1.25], "texture": "#3"},
				"east": {"uv": [12.5, 1.25, 13, 1.5], "texture": "#3"},
				"south": {"uv": [11.75, 1.25, 12.5, 1.5], "texture": "#3"},
				"west": {"uv": [12.5, 4.25, 13, 4.5], "texture": "#3"},
				"up": {"uv": [11, 4, 10.25, 3.5], "texture": "#3"},
				"down": {"uv": [11, 4, 10.25, 4.5], "texture": "#3"}
			}
		},
		{
			"from": [7, 7, 2],
			"to": [9, 8, 5],
			"rotation": {"angle": 0, "axis": "y", "origin": [8, 7.5, 8]},
			"faces": {
				"north": {"uv": [12.5, 5, 13, 5.25], "texture": "#3"},
				"east": {"uv": [12.25, 11.75, 13, 12], "texture": "#3"},
				"south": {"uv": [12.5, 5.25, 13, 5.5], "texture": "#3"},
				"west": {"uv": [12.25, 12, 13, 12.25], "texture": "#3"},
				"up": {"uv": [4, 13, 3.5, 12.25], "texture": "#3"},
				"down": {"uv": [12.75, 3.5, 12.25, 4.25], "texture": "#3"}
			}
		},
		{
			"from": [7, 7, 11],
			"to": [9, 8, 14],
			"rotation": {"angle": 0, "axis": "y", "origin": [8, 7.5, 8]},
			"faces": {
				"north": {"uv": [12.5, 4.5, 13, 4.75], "texture": "#3"},
				"east": {"uv": [12.25, 9.25, 13, 9.5], "texture": "#3"},
				"south": {"uv": [12.5, 4.75, 13, 5], "texture": "#3"},
				"west": {"uv": [12.25, 11.5, 13, 11.75], "texture": "#3"},
				"up": {"uv": [10.75, 5.25, 10.25, 4.5], "texture": "#3"},
				"down": {"uv": [3.5, 12.25, 3, 13], "texture": "#3"}
			}
		},
		{
			"from": [1.5, 13.5, 1.5],
			"to": [14.5, 14.5, 14.5],
			"faces": {
				"north": {"uv": [11.25, 2.5, 14.5, 2.75], "texture": "#3"},
				"east": {"uv": [11.25, 2.75, 14.5, 3], "texture": "#3"},
				"south": {"uv": [11.25, 3, 14.5, 3.25], "texture": "#3"},
				"west": {"uv": [11.25, 3.25, 14.5, 3.5], "texture": "#3"},
				"up": {"uv": [6.75, 3.25, 3.5, 0], "texture": "#3"},
				"down": {"uv": [6.75, 3.25, 3.5, 6.5], "texture": "#3"}
			}
		},
		{
			"from": [4.5, 9.5, 4.5],
			"to": [11.5, 10.5, 11.5],
			"faces": {
				"north": {"uv": [11.75, 0, 13.5, 0.25], "texture": "#3"},
				"east": {"uv": [11.75, 0.25, 13.5, 0.5], "texture": "#3"},
				"south": {"uv": [11.75, 0.5, 13.5, 0.75], "texture": "#3"},
				"west": {"uv": [11.75, 0.75, 13.5, 1], "texture": "#3"},
				"up": {"uv": [7.75, 11, 6, 9.25], "texture": "#3"},
				"down": {"uv": [9.5, 9.25, 7.75, 11], "texture": "#3"}
			}
		},
		{
			"from": [14, 4, 4],
			"to": [16, 12, 12],
			"rotation": {"angle": 0, "axis": "y", "origin": [8, 8, 8]},
			"faces": {
				"north": {"uv": [10.25, 1.5, 10.75, 3.5], "texture": "#3"},
				"east": {"uv": [0, 7, 2, 9], "texture": "#3"},
				"south": {"uv": [2, 10.25, 2.5, 12.25], "texture": "#3"},
				"west": {"uv": [7, 5.25, 9, 7.25], "texture": "#3"},
				"up": {"uv": [3, 12.25, 2.5, 10.25], "texture": "#3"},
				"down": {"uv": [3.5, 10.25, 3, 12.25], "texture": "#3"}
			}
		},
		{
			"from": [0, 4, 4],
			"to": [2, 12, 12],
			"rotation": {"angle": 0, "axis": "z", "origin": [8, 8, 8]},
			"faces": {
				"north": {"uv": [6.5, 11, 7, 13], "texture": "#3"},
				"east": {"uv": [7, 7.25, 9, 9.25], "texture": "#3"},
				"south": {"uv": [7, 11, 7.5, 13], "texture": "#3"},
				"west": {"uv": [2, 8.25, 4, 10.25], "texture": "#3"},
				"up": {"uv": [8, 13, 7.5, 11], "texture": "#3"},
				"down": {"uv": [11.5, 7.5, 11, 9.5], "texture": "#3"}
			}
		},
		{
			"from": [4, 4, 14],
			"to": [12, 12, 16],
			"rotation": {"angle": 0, "axis": "y", "origin": [8, 8, 8]},
			"faces": {
				"north": {"uv": [9, 5.25, 11, 7.25], "texture": "#3"},
				"east": {"uv": [9, 11, 9.5, 13], "texture": "#3"},
				"south": {"uv": [9, 7.25, 11, 9.25], "texture": "#3"},
				"west": {"uv": [11, 10.5, 11.5, 12.5], "texture": "#3"},
				"up": {"uv": [13.25, 2, 11.25, 1.5], "texture": "#3"},
				"down": {"uv": [13.25, 2, 11.25, 2.5], "texture": "#3"}
			}
		},
		{
			"from": [4, 4, 0],
			"to": [12, 12, 2],
			"rotation": {"angle": 0, "axis": "y", "origin": [8, 8, 8]},
			"faces": {
				"north": {"uv": [4, 8.25, 6, 10.25], "texture": "#3"},
				"east": {"uv": [8, 11, 8.5, 13], "texture": "#3"},
				"south": {"uv": [0, 9, 2, 11], "texture": "#3"},
				"west": {"uv": [8.5, 11, 9, 13], "texture": "#3"},
				"up": {"uv": [13, 10, 11, 9.5], "texture": "#3"},
				"down": {"uv": [13, 10, 11, 10.5], "texture": "#3"}
			}
		},
		{
			"from": [1.4, 7, 9],
			"to": [2.4, 15, 11],
			"rotation": {"angle": 0, "axis": "y", "origin": [8, 13.5, 8]},
			"faces": {
				"north": {"uv": [11.5, 3.5, 11.75, 5.5], "texture": "#3"},
				"east": {"uv": [3.5, 10.25, 4, 12.25], "texture": "#3"},
				"south": {"uv": [11.5, 5.5, 11.75, 7.5], "texture": "#3"},
				"west": {"uv": [4, 10.25, 4.5, 12.25], "texture": "#3"},
				"up": {"uv": [11, 5, 10.75, 4.5], "texture": "#3"},
				"down": {"uv": [12.75, 5.5, 12.5, 6], "texture": "#3"}
			}
		},
		{
			"from": [1.4, 7, 5],
			"to": [2.4, 15, 7],
			"rotation": {"angle": 0, "axis": "y", "origin": [8, 13.5, 8]},
			"faces": {
				"north": {"uv": [11.5, 7.5, 11.75, 9.5], "texture": "#3"},
				"east": {"uv": [4.5, 10.25, 5, 12.25], "texture": "#3"},
				"south": {"uv": [11.5, 10.5, 11.75, 12.5], "texture": "#3"},
				"west": {"uv": [5, 10.25, 5.5, 12.25], "texture": "#3"},
				"up": {"uv": [12.75, 6.5, 12.5, 6], "texture": "#3"},
				"down": {"uv": [12.75, 6.5, 12.5, 7], "texture": "#3"}
			}
		},
		{
			"from": [9, 7, 1.4],
			"to": [11, 15, 2.4],
			"rotation": {"angle": 0, "axis": "y", "origin": [8, 13.5, 8]},
			"faces": {
				"north": {"uv": [9.5, 10.75, 10, 12.75], "texture": "#3"},
				"east": {"uv": [11.75, 7.5, 12, 9.5], "texture": "#3"},
				"south": {"uv": [10, 10.75, 10.5, 12.75], "texture": "#3"},
				"west": {"uv": [11.75, 10.5, 12, 12.5], "texture": "#3"},
				"up": {"uv": [13, 7.75, 12.5, 7.5], "texture": "#3"},
				"down": {"uv": [13, 7.75, 12.5, 8], "texture": "#3"}
			}
		},
		{
			"from": [5, 7, 1.4],
			"to": [7, 15, 2.4],
			"rotation": {"angle": 0, "axis": "y", "origin": [8, 13.5, 8]},
			"faces": {
				"north": {"uv": [5.5, 10.25, 6, 12.25], "texture": "#3"},
				"east": {"uv": [11.75, 3.5, 12, 5.5], "texture": "#3"},
				"south": {"uv": [10.75, 1.5, 11.25, 3.5], "texture": "#3"},
				"west": {"uv": [11.75, 5.5, 12, 7.5], "texture": "#3"},
				"up": {"uv": [13, 7.25, 12.5, 7], "texture": "#3"},
				"down": {"uv": [13, 7.25, 12.5, 7.5], "texture": "#3"}
			}
		},
		{
			"from": [13.6, 7, 9],
			"to": [14.6, 15, 11],
			"rotation": {"angle": 0, "axis": "y", "origin": [8, 13.5, 8]},
			"faces": {
				"north": {"uv": [12, 7.5, 12.25, 9.5], "texture": "#3"},
				"east": {"uv": [0.5, 11, 1, 13], "texture": "#3"},
				"south": {"uv": [12, 10.5, 12.25, 12.5], "texture": "#3"},
				"west": {"uv": [1, 11, 1.5, 13], "texture": "#3"},
				"up": {"uv": [12.75, 11, 12.5, 10.5], "texture": "#3"},
				"down": {"uv": [11.25, 12.5, 11, 13], "texture": "#3"}
			}
		},
		{
			"from": [13.6, 7, 5],
			"to": [14.6, 15, 7],
			"rotation": {"angle": 0, "axis": "y", "origin": [8, 13.5, 8]},
			"faces": {
				"north": {"uv": [12, 3.5, 12.25, 5.5], "texture": "#3"},
				"east": {"uv": [10.5, 10.75, 11, 12.75], "texture": "#3"},
				"south": {"uv": [12, 5.5, 12.25, 7.5], "texture": "#3"},
				"west": {"uv": [0, 11, 0.5, 13], "texture": "#3"},
				"up": {"uv": [12.75, 8.5, 12.5, 8], "texture": "#3"},
				"down": {"uv": [12.75, 8.5, 12.5, 9], "texture": "#3"}
			}
		},
		{
			"from": [5, 7, 13.6],
			"to": [7, 15, 14.6],
			"rotation": {"angle": 0, "axis": "y", "origin": [8, 13.5, 8]},
			"faces": {
				"north": {"uv": [11, 5.5, 11.5, 7.5], "texture": "#3"},
				"east": {"uv": [2.5, 12.25, 2.75, 14.25], "texture": "#3"},
				"south": {"uv": [6, 11, 6.5, 13], "texture": "#3"},
				"west": {"uv": [2.75, 12.25, 3, 14.25], "texture": "#3"},
				"up": {"uv": [11.75, 12.75, 11.25, 12.5], "texture": "#3"},
				"down": {"uv": [13, 11.25, 12.5, 11.5], "texture": "#3"}
			}
		},
		{
			"from": [4, 7, 11.1],
			"to": [5, 11, 12.1],
			"rotation": {"angle": 0, "axis": "y", "origin": [8, 13.5, 8]},
			"faces": {
				"north": {"uv": [6.75, 5.25, 7, 6.25], "texture": "#3"},
				"east": {"uv": [6.75, 8.25, 7, 9.25], "texture": "#3"},
				"south": {"uv": [4, 12.25, 4.25, 13.25], "texture": "#3"},
				"west": {"uv": [4.25, 12.25, 4.5, 13.25], "texture": "#3"},
				"up": {"uv": [7, 6.5, 6.75, 6.25], "texture": "#3"},
				"down": {"uv": [11, 5, 10.75, 5.25], "texture": "#3"}
			}
		},
		{
			"from": [4, 7, 4.1],
			"to": [5, 11, 5.1],
			"rotation": {"angle": 0, "axis": "y", "origin": [8, 13.5, 8]},
			"faces": {
				"north": {"uv": [12.25, 4.25, 12.5, 5.25], "texture": "#3"},
				"east": {"uv": [4.5, 12.25, 4.75, 13.25], "texture": "#3"},
				"south": {"uv": [4.75, 12.25, 5, 13.25], "texture": "#3"},
				"west": {"uv": [5, 12.25, 5.25, 13.25], "texture": "#3"},
				"up": {"uv": [12, 12.75, 11.75, 12.5], "texture": "#3"},
				"down": {"uv": [12.25, 12.5, 12, 12.75], "texture": "#3"}
			}
		},
		{
			"from": [11, 7, 4.1],
			"to": [12, 11, 5.1],
			"rotation": {"angle": 0, "axis": "y", "origin": [8, 13.5, 8]},
			"faces": {
				"north": {"uv": [12.25, 6.25, 12.5, 7.25], "texture": "#3"},
				"east": {"uv": [12.25, 7.25, 12.5, 8.25], "texture": "#3"},
				"south": {"uv": [12.25, 8.25, 12.5, 9.25], "texture": "#3"},
				"west": {"uv": [12.25, 10.5, 12.5, 11.5], "texture": "#3"},
				"up": {"uv": [13, 3.75, 12.75, 3.5], "texture": "#3"},
				"down": {"uv": [13, 3.75, 12.75, 4], "texture": "#3"}
			}
		},
		{
			"from": [11, 7, 11.1],
			"to": [12, 11, 12.1],
			"rotation": {"angle": 0, "axis": "y", "origin": [8, 13.5, 8]},
			"faces": {
				"north": {"uv": [5.25, 12.25, 5.5, 13.25], "texture": "#3"},
				"east": {"uv": [12.25, 5.25, 12.5, 6.25], "texture": "#3"},
				"south": {"uv": [5.5, 12.25, 5.75, 13.25], "texture": "#3"},
				"west": {"uv": [5.75, 12.25, 6, 13.25], "texture": "#3"},
				"up": {"uv": [12.5, 12.75, 12.25, 12.5], "texture": "#3"},
				"down": {"uv": [12.75, 12.5, 12.5, 12.75], "texture": "#3"}
			}
		},
		{
			"from": [9, 7, 13.6],
			"to": [11, 15, 14.6],
			"rotation": {"angle": 0, "axis": "y", "origin": [8, 13.5, 8]},
			"faces": {
				"north": {"uv": [1.5, 11, 2, 13], "texture": "#3"},
				"east": {"uv": [2, 12.25, 2.25, 14.25], "texture": "#3"},
				"south": {"uv": [11, 3.5, 11.5, 5.5], "texture": "#3"},
				"west": {"uv": [2.25, 12.25, 2.5, 14.25], "texture": "#3"},
				"up": {"uv": [13, 9.25, 12.5, 9], "texture": "#3"},
				"down": {"uv": [13, 11, 12.5, 11.25], "texture": "#3"}
			}
		}
	],
	"display": {
		"thirdperson_righthand": {
			"rotation": [75, 45, 0],
			"translation": [0, 2.5, 0],
			"scale": [0.375, 0.375, 0.375]
		},
		"thirdperson_lefthand": {
			"rotation": [75, 45, 0],
			"translation": [0, 2.5, 0],
			"scale": [0.375, 0.375, 0.375]
		},
		"firstperson_righthand": {
			"rotation": [0, 45, 0],
			"scale": [0.4, 0.4, 0.4]
		},
		"firstperson_lefthand": {
			"rotation": [0, 225, 0],
			"scale": [0.4, 0.4, 0.4]
		},
		"ground": {
			"translation": [0, 3, 0],
			"scale": [0.25, 0.25, 0.25]
		},
		"gui": {
			"rotation": [30, 225, 0],
			"scale": [0.625, 0.625, 0.625]
		},
		"fixed": {
			"scale": [0.5, 0.5, 0.5]
		}
	}
}