{
	"credit": "Made with Blockbench",
	"parent": "minecraft:block/cube_bottom_top",
	"texture_size": [64, 64],
	"textures": {
		"3": "create_new_age:block/solar/solar_0",
		"particle": "create_new_age:block/solar/solar_0"
	},
	"elements": [
		{
			"from": [1, 0, 1],
			"to": [15, 5, 15],
			"faces": {
				"north": {"uv": [3.5, 6.5, 7, 8.25], "texture": "#3"},
				"east": {"uv": [6.75, 0, 10.25, 1.75], "texture": "#3"},
				"south": {"uv": [6.75, 1.75, 10.25, 3.5], "texture": "#3"},
				"west": {"uv": [6.75, 3.5, 10.25, 5.25], "texture": "#3"},
				"up": {"uv": [3.5, 3.5, 0, 0], "texture": "#3"},
				"down": {"uv": [3.5, 3.5, 0, 7], "texture": "#3"}
			}
		},
		{
			"from": [1, 7, 1],
			"to": [15, 8, 15],
			"faces": {
				"north": {"uv": [7.25, 6.5, 8.75, 6.75], "texture": "#3"},
				"east": {"uv": [7.25, 5.75, 8.75, 6], "texture": "#3"},
				"south": {"uv": [7.25, 5.75, 8.75, 6], "texture": "#3"},
				"west": {"uv": [7.25, 6.5, 8.75, 6.75], "texture": "#3"},
				"up": {"uv": [8.75, 8.75, 7.25, 7.75], "texture": "#3"},
				"down": {"uv": [8.75, 7.75, 7.25, 8.75], "texture": "#3"}
			}
		},
		{
			"from": [5, 6, 5],
			"to": [11, 9, 11],
			"faces": {
				"north": {"uv": [2, 7, 3.5, 7.25], "texture": "#3"},
				"east": {"uv": [2, 7.25, 3.5, 7.5], "texture": "#3"},
				"south": {"uv": [2, 7.5, 3.5, 7.75], "texture": "#3"},
				"west": {"uv": [2, 7.75, 3.5, 8], "texture": "#3"},
				"up": {"uv": [11, 10.75, 9.5, 9.25], "texture": "#3"},
				"down": {"uv": [11.75, 0, 10.25, 1.5], "texture": "#3"}
			}
		},
		{
			"from": [2, 7, 7],
			"to": [5, 9, 9],
			"rotation": {"angle": 0, "axis": "y", "origin": [8, 7.5, 8]},
			"faces": {
				"north": {"uv": [2, 8, 2.75, 8.25], "texture": "#3"},
				"east": {"uv": [12.25, 12.25, 12.75, 12.5], "texture": "#3"},
				"south": {"uv": [2.75, 8, 3.5, 8.25], "texture": "#3"},
				"west": {"uv": [12.5, 1, 13, 1.25], "texture": "#3"},
				"up": {"uv": [6.75, 8.75, 6, 8.25], "texture": "#3"},
				"down": {"uv": [6.75, 8.75, 6, 9.25], "texture": "#3"}
			}
		},
		{
			"from": [11, 7, 7],
			"to": [14, 9, 9],
			"rotation": {"angle": 0, "axis": "y", "origin": [8, 7.5, 8]},
			"faces": {
				"north": {"uv": [11.75, 1, 12.5, 1.25], "texture": "#3"},
				"east": {"uv": [12.5, 1.25, 13, 1.5], "texture": "#3"},
				"south": {"uv": [11.75, 1.25, 12.5, 1.5], "texture": "#3"},
				"west": {"uv": [12.5, 4.25, 13, 4.5], "texture": "#3"},
				"up": {"uv": [11, 4, 10.25, 3.5], "texture": "#3"},
				"down": {"uv": [11, 4, 10.25, 4.5], "texture": "#3"}
			}
		},
		{
			"from": [7, 7, 2],
			"to": [9, 9, 5],
			"rotation": {"angle": 0, "axis": "y", "origin": [8, 7.5, 8]},
			"faces": {
				"north": {"uv": [12.5, 5, 13, 5.25], "texture": "#3"},
				"east": {"uv": [12.25, 11.75, 13, 12], "texture": "#3"},
				"south": {"uv": [12.5, 5.25, 13, 5.5], "texture": "#3"},
				"west": {"uv": [12.25, 12, 13, 12.25], "texture": "#3"},
				"up": {"uv": [4, 13, 3.5, 12.25], "texture": "#3"},
				"down": {"uv": [12.75, 3.5, 12.25, 4.25], "texture": "#3"}
			}
		},
		{
			"from": [7, 7, 11],
			"to": [9, 9, 14],
			"rotation": {"angle": 0, "axis": "y", "origin": [8, 7.5, 8]},
			"faces": {
				"north": {"uv": [12.5, 4.5, 13, 4.75], "texture": "#3"},
				"east": {"uv": [12.25, 9.25, 13, 9.5], "texture": "#3"},
				"south": {"uv": [12.5, 4.75, 13, 5], "texture": "#3"},
				"west": {"uv": [12.25, 11.5, 13, 11.75], "texture": "#3"},
				"up": {"uv": [10.75, 5.25, 10.25, 4.5], "texture": "#3"},
				"down": {"uv": [3.5, 12.25, 3, 13], "texture": "#3"}
			}
		},
		{
			"from": [1.5, 17.5, 1.5],
			"to": [14.5, 18.5, 14.5],
			"rotation": {"angle": 0, "axis": "z", "origin": [8, 14, 8]},
			"faces": {
				"north": {"uv": [11.25, 2.5, 14.5, 2.75], "texture": "#3"},
				"east": {"uv": [11.25, 2.75, 14.5, 3], "texture": "#3"},
				"south": {"uv": [11.25, 3, 14.5, 3.25], "texture": "#3"},
				"west": {"uv": [11.25, 3.25, 14.5, 3.5], "texture": "#3"},
				"up": {"uv": [6.75, 3.25, 3.5, 0], "texture": "#3"},
				"down": {"uv": [6.75, 3.25, 3.5, 6.5], "texture": "#3"}
			}
		},
		{
			"from": [3.5, 14.5, 2.5],
			"to": [12.5, 15.5, 13.5],
			"faces": {
				"north": {"uv": [11.75, 0, 13.5, 0.25], "texture": "#3"},
				"east": {"uv": [11.75, 0.25, 13.5, 0.5], "texture": "#3"},
				"south": {"uv": [11.75, 0.5, 13.5, 0.75], "texture": "#3"},
				"west": {"uv": [11.75, 0.75, 13.5, 1], "texture": "#3"},
				"up": {"uv": [7.75, 11, 6, 9.25], "texture": "#3"},
				"down": {"uv": [9.5, 9.25, 7.75, 11], "texture": "#3"}
			}
		},
		{
			"from": [5.5, 11.5, 4.5],
			"to": [10.5, 12.5, 11.5],
			"faces": {
				"north": {"uv": [11.75, 0, 13.5, 0.25], "texture": "#3"},
				"east": {"uv": [11.75, 0.25, 13.5, 0.5], "texture": "#3"},
				"south": {"uv": [11.75, 0.5, 13.5, 0.75], "texture": "#3"},
				"west": {"uv": [11.75, 0.75, 13.5, 1], "texture": "#3"},
				"up": {"uv": [7.75, 11, 6, 9.25], "texture": "#3"},
				"down": {"uv": [9.5, 9.25, 7.75, 11], "texture": "#3"}
			}
		},
		{
			"from": [14, 4, 4],
			"to": [16, 12, 12],
			"rotation": {"angle": 0, "axis": "y", "origin": [8, 8, 8]},
			"faces": {
				"north": {"uv": [10.25, 1.5, 10.75, 3.5], "texture": "#3"},
				"east": {"uv": [0, 7, 2, 9], "texture": "#3"},
				"south": {"uv": [2, 10.25, 2.5, 12.25], "texture": "#3"},
				"west": {"uv": [7, 5.25, 9, 7.25], "texture": "#3"},
				"up": {"uv": [3, 12.25, 2.5, 10.25], "texture": "#3"},
				"down": {"uv": [3.5, 10.25, 3, 12.25], "texture": "#3"}
			}
		},
		{
			"from": [0, 4, 4],
			"to": [2, 12, 12],
			"rotation": {"angle": 0, "axis": "z", "origin": [8, 8, 8]},
			"faces": {
				"north": {"uv": [6.5, 11, 7, 13], "texture": "#3"},
				"east": {"uv": [7, 7.25, 9, 9.25], "texture": "#3"},
				"south": {"uv": [7, 11, 7.5, 13], "texture": "#3"},
				"west": {"uv": [2, 8.25, 4, 10.25], "texture": "#3"},
				"up": {"uv": [8, 13, 7.5, 11], "texture": "#3"},
				"down": {"uv": [11.5, 10.5, 11, 12.5], "texture": "#3"}
			}
		},
		{
			"from": [4, 4, 14],
			"to": [12, 12, 16],
			"rotation": {"angle": 0, "axis": "y", "origin": [8, 8, 8]},
			"faces": {
				"north": {"uv": [9, 5.25, 11, 7.25], "texture": "#3"},
				"east": {"uv": [9, 11, 9.5, 13], "texture": "#3"},
				"south": {"uv": [9, 7.25, 11, 9.25], "texture": "#3"},
				"west": {"uv": [11, 10.5, 11.5, 12.5], "texture": "#3"},
				"up": {"uv": [13.25, 2.5, 11.25, 2], "texture": "#3"},
				"down": {"uv": [13.25, 2, 11.25, 2.5], "texture": "#3"}
			}
		},
		{
			"from": [4, 4, 0],
			"to": [12, 12, 2],
			"rotation": {"angle": 0, "axis": "y", "origin": [8, 8, 8]},
			"faces": {
				"north": {"uv": [4, 8.25, 6, 10.25], "texture": "#3"},
				"east": {"uv": [8, 11, 8.5, 13], "texture": "#3"},
				"south": {"uv": [0, 9, 2, 11], "texture": "#3"},
				"west": {"uv": [8.5, 11, 9, 13], "texture": "#3"},
				"up": {"uv": [13, 10, 11, 9.5], "texture": "#3"},
				"down": {"uv": [13, 10, 11, 10.5], "texture": "#3"}
			}
		},
		{
			"from": [1.4, 9, 7],
			"to": [2.4, 19, 9],
			"rotation": {"angle": 0, "axis": "y", "origin": [8, 13.5, 8]},
			"faces": {
				"north": {"uv": [11.5, 3.5, 11.75, 5.5], "texture": "#3"},
				"east": {"uv": [3.5, 10.25, 4, 12.25], "texture": "#3"},
				"south": {"uv": [11.5, 5.5, 11.75, 7.5], "texture": "#3"},
				"west": {"uv": [4, 10.25, 4.5, 12.25], "texture": "#3"},
				"up": {"uv": [11, 5, 10.75, 4.5], "texture": "#3"},
				"down": {"uv": [12.75, 5.5, 12.5, 6], "texture": "#3"}
			}
		},
		{
			"from": [2.4, 14, 7],
			"to": [4.4, 16, 9],
			"rotation": {"angle": 0, "axis": "y", "origin": [8, 13.5, 8]},
			"faces": {
				"north": {"uv": [11.5, 3.5, 11.75, 5.5], "texture": "#3"},
				"east": {"uv": [3.5, 10.25, 4, 12.25], "texture": "#3"},
				"south": {"uv": [11.5, 5.5, 11.75, 7.5], "texture": "#3"},
				"west": {"uv": [4, 10.25, 4.5, 12.25], "texture": "#3"},
				"up": {"uv": [11, 5, 10.75, 4.5], "texture": "#3"},
				"down": {"uv": [12.75, 5.5, 12.5, 6], "texture": "#3"}
			}
		},
		{
			"from": [11.4, 14, 7],
			"to": [13.4, 16, 9],
			"rotation": {"angle": 0, "axis": "y", "origin": [8, 13.5, 8]},
			"faces": {
				"north": {"uv": [11.5, 3.5, 11.75, 5.5], "texture": "#3"},
				"east": {"uv": [3.5, 10.25, 4, 12.25], "texture": "#3"},
				"south": {"uv": [11.5, 5.5, 11.75, 7.5], "texture": "#3"},
				"west": {"uv": [4, 10.25, 4.5, 12.25], "texture": "#3"},
				"up": {"uv": [11, 5, 10.75, 4.5], "texture": "#3"},
				"down": {"uv": [12.75, 5.5, 12.5, 6], "texture": "#3"}
			}
		},
		{
			"from": [10.2, 11, 7],
			"to": [13.4, 13, 9],
			"rotation": {"angle": 0, "axis": "y", "origin": [8, 13.5, 8]},
			"faces": {
				"north": {"uv": [11.5, 3.5, 11.75, 5.5], "texture": "#3"},
				"east": {"uv": [3.5, 10.25, 4, 12.25], "texture": "#3"},
				"south": {"uv": [11.5, 5.5, 11.75, 7.5], "texture": "#3"},
				"west": {"uv": [4, 10.25, 4.5, 12.25], "texture": "#3"},
				"up": {"uv": [11, 5, 10.75, 4.5], "texture": "#3"},
				"down": {"uv": [12.75, 5.5, 12.5, 6], "texture": "#3"}
			}
		},
		{
			"from": [2.4, 11, 7],
			"to": [5.9, 13, 9],
			"rotation": {"angle": 0, "axis": "y", "origin": [8, 13.5, 8]},
			"faces": {
				"north": {"uv": [11.5, 3.5, 11.75, 5.5], "texture": "#3"},
				"east": {"uv": [3.5, 10.25, 4, 12.25], "texture": "#3"},
				"south": {"uv": [11.5, 5.5, 11.75, 7.5], "texture": "#3"},
				"west": {"uv": [4, 10.25, 4.5, 12.25], "texture": "#3"},
				"up": {"uv": [11, 5, 10.75, 4.5], "texture": "#3"},
				"down": {"uv": [12.75, 5.5, 12.5, 6], "texture": "#3"}
			}
		},
		{
			"from": [13.4, 9, 7],
			"to": [14.4, 19, 9],
			"rotation": {"angle": 0, "axis": "y", "origin": [8, 13.5, 8]},
			"faces": {
				"north": {"uv": [11.5, 3.5, 11.75, 5.5], "texture": "#3"},
				"east": {"uv": [3.5, 10.25, 4, 12.25], "texture": "#3"},
				"south": {"uv": [11.5, 5.5, 11.75, 7.5], "texture": "#3"},
				"west": {"uv": [4, 10.25, 4.5, 12.25], "texture": "#3"},
				"up": {"uv": [11, 5, 10.75, 4.5], "texture": "#3"},
				"down": {"uv": [12.75, 5.5, 12.5, 6], "texture": "#3"}
			}
		}
	],
	"display": {
		"thirdperson_righthand": {
			"rotation": [75, 45, 0],
			"translation": [0, 2.5, 0],
			"scale": [0.375, 0.375, 0.375]
		},
		"thirdperson_lefthand": {
			"rotation": [75, 45, 0],
			"translation": [0, 2.5, 0],
			"scale": [0.375, 0.375, 0.375]
		},
		"firstperson_righthand": {
			"rotation": [0, 45, 0],
			"scale": [0.4, 0.4, 0.4]
		},
		"firstperson_lefthand": {
			"rotation": [0, 225, 0],
			"scale": [0.4, 0.4, 0.4]
		},
		"ground": {
			"translation": [0, 3, 0],
			"scale": [0.25, 0.25, 0.25]
		},
		"gui": {
			"rotation": [30, 225, 0],
			"scale": [0.625, 0.625, 0.625]
		},
		"fixed": {
			"scale": [0.5, 0.5, 0.5]
		}
	}
}